respondent id,agency code,loan type,property type,loan purpose,owner occ,loan amount,pre approval,action taken,msa/md,state,county,census tract,applicant ethnicity,coapp ethnicity,applicant race 1,coapp race,sex,coapp sex,income,type of purchaser,denial reason 1,denial reason 2,denial reason 3,rate of spread,hoepa status,lien status
364327855,7,1,1,3,1,450,3,1,33460,27,53,236,2,2,5,5,1,2,345,7,,,,NA,2,1
364327855,7,1,1,3,1,175,3,1,33460,27,53,271.01,2,2,5,5,2,2,187,6,,,,NA,2,1
364327855,7,1,1,3,1,135,3,1,33460,27,59,1303.01,2,5,5,8,1,5,49,6,,,,NA,2,1
364327855,7,3,1,3,1,250,3,1,33460,27,3,502.24,2,5,5,8,1,5,75,6,,,,NA,2,1
364327855,7,1,1,3,1,350,3,1,33460,27,163,702.04,2,2,5,5,1,2,141,6,,,,NA,2,1
364327855,7,1,1,3,1,284,3,1,33460,27,123,408.03,2,5,5,8,2,5,74,6,,,,NA,2,1
364327855,7,1,1,3,1,314,3,1,41060,27,145,112,2,2,5,5,1,2,108,6,,,,NA,2,1
364327855,7,1,1,3,1,310,3,1,33460,27,53,1113,2,2,5,5,1,2,84,6,,,,NA,2,1
364327855,7,1,1,3,1,242,3,1,33460,27,37,608.19,3,5,5,8,1,5,62,6,,,,NA,2,1
364327855,7,1,1,3,1,152,3,1,33460,27,123,410.02,2,5,5,8,1,5,90,6,,,,NA,2,1
364327855,7,1,1,3,1,256,3,1,33460,27,123,419,2,2,5,5,1,2,143,6,,,,NA,2,1
364327855,7,1,1,3,1,224,3,1,33460,27,53,1076,2,2,3,5,1,2,58,6,,,,NA,2,1
364327855,7,1,1,3,1,247,3,1,33460,27,171,1008.01,2,5,5,8,2,5,125,6,,,,NA,2,1
364327855,7,1,1,3,1,215,3,1,33460,27,123,407.04,2,5,5,8,1,5,108,6,,,,NA,2,1
364327855,7,1,1,1,1,131,2,1,33460,27,53,259.03,2,5,2,8,2,5,149,6,,,,NA,2,1
364327855,7,1,1,3,1,201,3,1,33460,27,123,407.03,2,5,3,8,1,5,106,6,,,,NA,2,1
364327855,7,1,1,1,1,282,2,1,33460,27,171,1001,2,2,5,5,1,2,94,6,,,,NA,2,1
364327855,7,1,1,1,1,317,2,1,33460,27,37,608.21,2,5,5,8,1,5,115,6,,,,NA,2,1
364327855,7,1,1,1,1,333,2,1,33460,27,53,1012,2,2,5,5,1,2,133,6,,,,NA,2,1
364327855,7,1,1,1,1,221,2,1,40340,27,109,14.02,2,2,5,5,1,2,93,6,,,,NA,2,1
364327855,7,1,1,1,1,424,2,1,33460,27,53,1055,2,5,5,8,1,5,193,6,,,,NA,2,1
364327855,7,1,1,1,1,176,2,1,33460,27,139,803.01,2,5,5,8,1,5,59,6,,,,NA,2,1
364327855,7,3,1,1,1,248,2,1,33460,27,3,502.21,2,2,5,5,1,2,88,6,,,,NA,2,1
364327855,7,1,1,1,1,286,2,1,33460,27,19,912.02,2,2,5,5,1,2,103,6,,,,NA,2,1
364327855,7,1,1,1,1,144,2,1,33460,27,163,701.06,2,5,5,8,2,5,92,6,,,,NA,2,1
364327855,7,1,1,1,1,153,2,1,33460,27,37,608.18,3,5,6,8,3,5,70,6,,,,NA,2,1
364327855,7,1,1,1,1,214,2,1,33460,27,123,369,2,5,5,8,2,5,185,6,,,,NA,2,1
364327855,7,3,1,3,1,971,3,1,33460,27,53,270.01,2,2,5,5,1,2,686,7,,,,NA,2,1
364327855,7,2,1,3,1,195,3,1,33460,27,37,605.03,2,2,5,5,2,2,88,7,,,,NA,2,1
364327855,7,2,1,1,1,265,2,1,33460,27,171,1008.01,2,2,5,5,1,2,91,7,,,,01.50,2,1
364327855,7,2,1,1,1,136,2,1,33460,27,163,701.06,2,2,1,5,2,1,75,7,,,,NA,2,1
364327855,7,2,1,1,1,212,2,1,33460,27,3,502.2,2,2,5,5,2,1,59,7,,,,NA,2,1
364327855,7,2,1,1,1,121,2,1,33460,27,53,268.15,2,5,2,8,2,5,38,7,,,,NA,2,1
364327855,7,2,1,1,1,141,2,1,33460,27,3,512.01,2,5,5,8,1,5,56,7,,,,NA,2,1
364327855,7,1,1,3,1,184,3,1,33460,27,171,1001,2,5,5,8,1,5,87,1,,,,NA,2,1
364327855,7,1,1,1,1,344,2,1,33460,27,3,508.16,3,5,2,8,1,5,293,1,,,,NA,2,1
364327855,7,1,1,1,1,186,2,1,33460,27,171,1002.04,2,5,5,8,1,5,68,1,,,,NA,2,1
364327855,7,1,1,1,1,150,2,1,33460,27,37,607.41,3,3,5,5,1,2,91,1,,,,NA,2,1
364327855,7,1,1,1,1,315,2,1,33460,27,53,257.01,2,2,5,5,1,2,111,1,,,,NA,2,1
364327855,7,1,1,3,1,106,3,1,33460,27,53,1002,1,5,5,8,1,5,35,3,,,,NA,2,1
364327855,7,1,1,3,1,424,3,1,33460,27,163,704.05,2,5,5,8,2,5,771,3,,,,NA,2,1
364327855,7,1,1,3,1,362,3,1,33460,27,123,406.01,2,5,5,8,2,5,138,3,,,,NA,2,1
364327855,7,1,1,3,1,274,3,1,33460,27,3,508.19,2,2,5,5,2,1,199,3,,,,NA,2,1
364327855,7,1,1,1,1,183,2,1,33460,27,37,608.11,2,5,5,8,1,5,35,3,,,,NA,2,1
364327855,7,1,1,1,1,262,2,1,33460,27,53,1064,2,5,5,8,1,5,101,3,,,,NA,2,1
364327855,7,1,1,1,1,424,2,1,33460,27,53,267.16,2,5,5,8,1,5,147,3,,,,NA,2,1
364327855,7,1,1,1,1,184,2,1,33460,27,53,242,2,2,5,5,1,2,78,3,,,,NA,2,1
364327855,7,2,1,1,1,332,2,1,33460,27,19,904.01,2,2,5,5,1,2,137,2,,,,NA,2,1
364327855,7,2,1,1,1,253,2,1,33460,27,163,701.06,2,2,5,5,1,2,97,2,,,,NA,2,1
364327855,7,2,1,1,1,196,2,1,33460,27,3,502.34,2,2,5,5,1,2,59,2,,,,NA,2,1
364327855,7,2,1,1,1,329,2,1,33460,27,53,1112,2,5,5,8,2,5,117,2,,,,NA,2,1
364327855,7,2,1,1,1,168,2,1,33460,27,123,422.01,3,5,6,8,3,5,34,2,,,,NA,2,1
364327855,7,3,1,1,1,63,2,1,NA,27,23,9503,2,2,5,5,2,1,44,2,,,,NA,2,1
364327855,7,2,1,1,1,83,2,1,NA,27,23,9506,2,5,5,8,2,5,32,2,,,,NA,2,1
364327855,7,2,1,1,1,115,2,1,33460,27,141,304.02,2,2,5,5,2,1,41,2,,,,NA,2,1
364327855,7,3,1,1,1,265,2,1,33460,27,141,301.01,2,5,5,8,1,5,44,2,,,,NA,2,1
364327855,7,2,1,1,1,111,2,1,33460,27,37,607.14,2,2,3,3,1,2,38,9,,,,NA,2,1
364327855,7,1,1,1,1,140,2,1,33460,27,53,260.14,2,5,2,8,2,5,30,9,,,,NA,2,1
364327855,7,1,1,3,1,143,3,1,33460,27,141,301.01,2,5,5,8,1,5,71,7,,,,NA,2,1
364327855,7,1,1,1,1,280,2,1,33460,27,37,608.18,2,5,5,8,1,5,74,7,,,,NA,2,1
364327855,7,2,1,1,1,169,2,1,33460,27,53,1.01,2,2,3,3,2,1,51,6,,,,NA,2,1
364327855,7,1,1,3,1,143,3,1,33460,27,53,268.16,2,2,5,5,2,1,74,6,,,,NA,2,1
364327855,7,1,1,3,1,124,3,1,33460,27,53,267.08,2,5,5,8,1,5,42,6,,,,01.75,2,1
364327855,7,2,1,1,1,332,2,1,33460,27,3,502.35,2,5,5,8,1,5,113,6,,,,NA,2,1
364327855,7,2,1,3,1,214,3,1,33460,27,163,701.06,2,5,5,8,1,5,62,6,,,,NA,2,1
364327855,7,1,1,1,1,390,2,1,33460,27,141,305.04,2,2,6,6,1,2,99,6,,,,NA,2,1
364327855,7,2,1,1,1,324,2,1,33460,27,53,239.02,2,2,5,5,1,2,98,6,,,,NA,2,1
364327855,7,2,1,1,1,166,2,1,33460,27,53,206,2,5,2,8,2,5,37,6,,,,NA,2,1
364327855,7,3,1,1,1,255,2,1,33460,27,53,262.01,2,5,5,8,1,5,69,6,,,,NA,2,1
364327855,7,2,1,3,1,134,3,2,33460,27,37,608.19,2,5,5,8,1,5,51,0,,,,NA,2,1
364327855,7,3,1,1,1,220,2,2,33460,27,3,502.26,1,5,5,8,1,5,74,0,,,,NA,2,1
364327855,7,2,1,3,1,159,3,3,33460,27,123,308,2,5,5,8,2,5,37,0,3,,,NA,2,1
364327855,7,1,1,3,1,70,3,3,NA,27,35,9511,3,3,6,6,3,3,62,0,3,,,NA,2,1
364327855,7,1,1,3,1,85,3,3,33460,27,59,1302,3,3,6,6,3,3,53,0,9,,,NA,2,1
364327855,7,2,1,1,1,106,2,3,33460,27,123,411.03,2,5,5,8,2,5,21,0,1,,,NA,2,1
364327855,7,2,1,1,1,181,2,3,33460,27,25,1106,2,2,5,5,1,2,108,0,4,,,NA,2,1
364327855,7,2,1,1,1,167,2,3,24220,27,119,201,2,5,5,8,1,5,42,0,3,,,NA,2,1
364327855,7,1,1,3,1,295,3,1,33460,27,123,303,2,2,5,2,2,2,158,6,,,,NA,2,1
364327855,7,1,1,1,1,237,2,1,33460,27,53,238.02,2,2,5,5,1,2,68,6,,,,NA,2,1
364327855,7,1,1,1,1,118,2,1,33460,27,123,308,2,5,2,8,1,5,23,3,,,,NA,2,1
364327855,7,4,1,1,1,144,2,1,33460,27,59,1305.02,2,5,5,8,2,5,37,7,,,,NA,2,1
364327855,7,3,1,1,1,424,2,1,33460,27,3,502.34,2,2,5,5,1,2,148,2,,,,NA,2,1
364327855,7,1,1,1,1,294,2,3,33460,27,53,1036,2,2,5,5,1,2,60,0,1,2,,NA,2,1
364327855,7,1,1,1,1,206,2,1,33460,27,3,501.15,2,2,5,5,1,2,134,1,,,,NA,2,1
364327855,7,2,1,1,1,130,2,1,33460,27,53,1.02,2,5,2,8,2,5,27,9,,,,NA,2,1
364327855,7,1,1,1,1,110,2,1,33460,27,53,267.1,2,5,5,8,1,5,37,6,,,,NA,2,1
364327855,7,2,1,1,1,157,2,3,33460,27,53,268.2,2,5,3,8,2,5,43,0,5,,,NA,2,1
364327855,7,1,1,1,1,208,2,1,33460,27,3,508.18,2,5,5,8,2,5,59,6,,,,NA,2,1
364327855,7,1,1,1,1,250,2,1,33460,27,171,1001,2,2,5,5,1,2,61,6,,,,NA,2,1
364327855,7,3,1,1,1,195,2,1,33460,27,163,709.11,2,5,5,8,1,5,50,6,,,,NA,2,1
364327855,7,1,1,1,1,292,2,1,33460,27,53,253.01,2,2,5,5,1,2,97,6,,,,NA,2,1
364327855,7,2,1,1,1,114,2,1,33460,27,3,511.03,2,2,5,5,1,2,134,9,,,,NA,2,1
364327855,7,1,1,1,1,112,2,1,33460,27,53,268.16,2,5,3,8,1,5,30,3,,,,NA,2,1
364327855,7,2,1,1,1,168,2,1,NA,27,65,4804,2,2,5,5,1,2,62,2,,,,NA,2,1
364327855,7,1,1,1,1,210,2,1,33460,27,163,701.03,2,2,5,5,1,2,123,6,,,,NA,2,1
364327855,7,1,1,3,1,94,3,1,33460,27,123,304,2,5,2,8,1,5,19,3,,,,NA,2,1
364327855,7,1,1,1,1,118,2,1,NA,27,15,9602,2,5,5,8,1,5,44,3,,,,NA,2,1
364327855,7,1,1,1,1,146,2,1,33460,27,37,607.41,2,5,5,8,1,5,41,3,,,,NA,2,1
364327855,7,2,1,1,1,231,2,1,33460,27,37,609.05,2,5,5,8,1,5,77,2,,,,NA,2,1
364327855,7,2,1,1,1,176,2,1,33460,27,53,207,2,5,5,8,1,5,41,6,,,,NA,2,1
364327855,7,1,1,3,1,333,3,1,33460,27,53,268.2,2,2,5,5,1,2,189,7,,,,NA,2,1
364327855,7,2,1,1,1,179,2,1,33460,27,53,1088,2,5,5,8,1,5,40,6,,,,NA,2,1
364327855,7,1,1,1,1,359,2,1,33460,27,141,305.03,2,2,5,5,1,2,83,6,,,,NA,2,1
364327855,7,3,1,1,1,251,2,1,33460,27,3,502.19,2,5,5,8,1,5,52,6,,,,NA,2,1
364327855,7,1,1,1,1,148,2,1,33460,27,3,509.02,2,2,5,5,2,1,57,3,,,,NA,2,1
364327855,7,2,1,1,1,197,2,1,33460,27,25,1103.02,2,5,5,8,1,5,55,6,,,,NA,2,1
364327855,7,1,1,1,1,161,2,1,33460,27,139,803.02,2,5,5,8,2,5,35,3,,,,NA,2,1
364327855,7,2,1,1,1,164,2,1,33460,27,37,604.01,2,5,2,8,1,5,37,2,,,,NA,2,1
364327855,7,1,1,1,1,256,2,1,33460,27,25,1105.02,2,2,5,5,2,1,121,6,,,,NA,2,1
364327855,7,3,1,1,1,367,2,1,33460,27,53,266.06,2,5,5,8,1,5,135,2,,,,NA,2,1
364327855,7,2,1,1,1,151,2,1,NA,27,115,9508,2,2,5,5,1,1,61,9,,,,NA,2,1
364327855,7,1,1,1,1,200,2,1,33460,27,123,407.03,2,5,3,8,2,5,67,3,,,,NA,2,1
364327855,7,1,1,1,1,189,2,1,33460,27,25,1104.01,2,5,5,8,1,5,39,3,,,,NA,2,1
364327855,7,1,1,3,1,130,3,1,33460,27,37,605.07,2,2,5,5,1,2,74,6,,,,NA,2,1
364327855,7,1,1,1,1,361,2,1,33460,27,53,265.08,2,2,5,5,1,2,104,3,,,,NA,2,1
364327855,7,1,1,1,1,210,2,1,33460,27,53,268.2,2,2,5,5,1,2,36,3,,,,NA,2,1
364327855,7,2,1,1,1,189,2,3,33460,27,53,259.06,2,5,5,8,1,5,62,0,4,6,,NA,2,1
364327855,7,1,1,1,1,217,2,1,33460,27,163,707.01,2,5,5,8,2,5,65,6,,,,NA,2,1
364327855,7,1,1,1,1,200,2,1,33460,27,3,513.02,2,2,5,5,1,2,125,6,,,,NA,2,1
364327855,7,1,1,1,1,228,2,1,33460,27,3,502.36,2,5,5,8,2,5,69,6,,,,NA,2,1
364327855,7,1,1,1,1,324,2,1,33460,27,53,265.09,2,2,5,5,1,2,117,6,,,,NA,2,1
364327855,7,1,1,1,1,404,2,1,33460,27,123,411.05,2,5,5,8,2,5,177,6,,,,NA,2,1
364327855,7,1,1,3,1,160,3,1,33460,27,37,601.01,2,2,5,5,2,1,88,6,,,,NA,2,1
364327855,7,3,1,3,1,200,3,1,24220,27,119,203,2,5,3,8,1,5,58,6,,,,NA,2,1
364327855,7,1,1,1,1,110,2,1,33460,27,37,601.05,2,5,5,8,2,5,66,1,,,,NA,2,1
364327855,7,1,1,1,1,268,2,1,33460,27,171,1007.01,2,2,5,5,1,1,120,6,,,,NA,2,1
364327855,7,1,1,1,1,161,2,1,33460,27,37,607.41,2,5,5,8,2,5,39,3,,,,NA,2,1
364327855,7,1,1,1,1,170,2,1,33460,27,37,605.09,2,5,5,8,2,5,35,3,,,,NA,2,1
364327855,7,1,1,1,1,174,2,1,33460,27,37,608.2,2,2,2,2,2,1,112,6,,,,NA,2,1
364327855,7,1,1,3,1,157,3,1,33460,27,139,802.03,2,2,3,3,1,2,78,6,,,,NA,2,1
364327855,7,1,1,1,1,122,2,1,33460,27,171,1008.01,2,2,5,5,1,2,126,6,,,,NA,2,1
364327855,7,1,1,1,1,123,2,1,NA,27,111,9601.02,2,5,5,8,1,5,39,6,,,,NA,2,1
364327855,7,1,1,1,1,104,2,1,33460,27,123,425.04,2,5,3,8,2,5,26,3,,,,NA,2,1
364327855,7,1,1,3,1,179,3,1,33460,27,141,305.04,2,2,5,5,1,2,117,6,,,,NA,2,1
364327855,7,1,1,3,1,182,3,1,33460,27,123,407.06,2,5,5,8,2,5,54,6,,,,NA,2,1
364327855,7,1,1,3,1,232,3,1,33460,27,19,911,2,2,5,5,1,2,178,6,,,,NA,2,1
364327855,7,2,1,1,1,236,2,1,33460,27,3,515.02,2,2,5,5,1,2,85,2,,,,NA,2,1
364327855,7,1,1,1,1,339,2,1,33460,27,123,406.03,2,2,5,5,1,2,121,6,,,,NA,2,1
364327855,7,1,1,3,1,159,3,1,33460,27,3,508.21,2,5,5,8,2,5,58,6,,,,NA,2,1
364327855,7,1,1,3,1,170,3,1,33460,27,171,1009,2,2,5,5,1,2,58,6,,,,NA,2,1
364327855,7,1,1,1,1,163,2,1,33460,27,123,308,2,5,5,8,1,5,48,6,,,,NA,2,1
364327855,7,2,1,1,1,338,2,1,33460,27,37,608.24,2,5,5,8,1,5,89,7,,,,NA,2,1
364327855,7,2,1,1,1,111,2,1,NA,27,115,9505,2,2,5,5,1,2,37,2,,,,NA,2,1
364327855,7,1,1,3,1,120,3,3,NA,27,1,7704,3,5,5,8,2,5,43,0,3,4,,NA,2,1
364327855,7,2,1,1,1,184,2,1,33460,27,25,1106,2,2,5,5,1,2,108,6,,,,NA,2,1
364327855,7,2,1,3,1,207,3,3,20260,27,17,703,3,5,6,8,1,5,32,0,1,,,NA,2,1
364327855,7,1,1,3,1,140,3,1,33460,27,59,1303.01,2,2,5,5,1,2,61,1,,,,01.66,2,1
364327855,7,1,1,1,1,85,2,1,33460,27,3,502.29,2,2,5,5,1,2,49,1,,,,NA,2,1
364327855,7,1,1,1,1,423,2,1,33460,27,53,277,2,5,5,8,2,5,161,1,,,,NA,2,1
364327855,7,1,1,1,1,162,2,1,33460,27,123,374.02,3,5,6,8,3,5,86,1,,,,01.58,2,1
364327855,7,1,1,1,1,140,2,1,33460,27,3,506.1,2,5,5,8,1,5,77,1,,,,NA,2,1
364327855,7,1,1,1,1,167,2,1,33460,27,53,233,2,5,5,8,1,5,107,1,,,,01.79,2,1
364327855,7,1,1,1,1,204,2,1,33460,27,53,1054,2,5,5,8,1,5,53,1,,,,NA,2,1
364327855,7,1,1,1,1,175,2,1,33460,27,171,1008.02,2,5,5,8,1,5,77,1,,,,NA,2,1
364327855,7,1,1,3,1,158,3,1,33460,27,123,367,2,2,5,5,1,2,50,1,,,,NA,2,1
364327855,7,1,1,3,1,77,3,1,33460,27,79,9502,2,5,5,8,1,5,31,1,,,,NA,2,1
364327855,7,1,1,1,1,238,2,1,33460,27,123,403.01,2,2,5,5,1,2,67,1,,,,NA,2,1
364327855,7,2,1,1,1,193,2,1,33460,27,3,508.16,3,5,3,8,1,5,53,2,,,,NA,2,1
364327855,7,2,1,1,1,280,2,1,33460,27,53,222,2,5,5,8,1,5,72,2,,,,NA,2,1
364327855,7,2,1,1,1,90,2,1,NA,27,67,7805,2,5,5,8,1,5,24,2,,,,NA,2,1
364327855,7,2,1,1,1,108,2,1,NA,27,67,7810,2,5,5,8,1,5,35,2,,,,NA,2,1
364327855,7,2,1,1,1,261,2,1,33460,27,19,902,2,2,5,5,1,2,83,2,,,,NA,2,1
364327855,7,2,1,1,1,93,2,1,40340,27,39,9502,1,5,5,8,1,5,46,2,,,,01.98,2,1
364327855,7,2,1,3,1,259,3,1,33460,27,171,1008.02,2,5,5,8,2,5,69,2,,,,NA,2,1
364327855,7,2,1,1,1,299,2,1,33460,27,53,265.09,2,5,5,8,2,5,115,2,,,,NA,2,1
364327855,7,3,1,1,1,269,2,1,33460,27,171,1002.04,2,5,5,8,1,5,71,2,,,,NA,2,1
364327855,7,2,1,1,1,108,2,1,33460,27,53,1008,2,5,5,8,2,5,29,2,,,,NA,2,1
364327855,7,1,1,1,1,147,2,1,33460,27,53,210.01,2,5,5,8,1,5,33,3,,,,NA,2,1
364327855,7,1,1,3,1,75,3,1,33460,27,171,1001,2,5,5,8,2,5,30,3,,,,NA,2,1
364327855,7,1,1,1,1,245,2,1,33460,27,19,903.02,2,5,5,8,1,5,50,3,,,,NA,2,1
364327855,7,1,1,1,1,164,2,1,33460,27,3,508.07,2,5,5,8,1,5,47,3,,,,NA,2,1
364327855,7,1,1,1,1,150,2,1,33460,27,53,268.12,2,2,5,5,1,2,43,3,,,,NA,2,1
364327855,7,1,1,3,1,300,3,1,33460,27,59,1302,2,2,5,5,1,2,61,3,,,,NA,2,1
364327855,7,1,1,3,1,144,3,1,33460,27,53,267.14,2,2,5,5,2,1,123,3,,,,01.80,2,1
364327855,7,1,1,1,1,127,2,1,33460,27,3,508.07,3,5,6,8,1,5,135,3,,,,NA,2,1
364327855,7,1,1,3,1,79,3,1,33460,27,171,1001,2,5,5,8,1,5,85,3,,,,NA,2,1
364327855,7,1,1,1,1,257,2,1,33460,27,53,118,2,5,5,8,2,5,58,3,,,,NA,2,1
364327855,7,1,1,1,1,128,2,1,33460,27,123,427,2,5,5,8,2,5,46,3,,,,NA,2,1
364327855,7,1,1,1,1,157,2,1,33460,27,3,514,2,5,3,8,1,5,50,3,,,,NA,2,1
364327855,7,1,1,1,1,138,2,1,33460,27,3,501.08,2,5,5,8,1,5,39,3,,,,NA,2,1
364327855,7,1,1,1,1,309,2,1,33460,27,25,1106,2,5,5,8,1,5,92,3,,,,NA,2,1
364327855,7,1,1,3,1,185,3,1,33460,27,3,505.04,2,5,5,8,1,5,229,3,,,,NA,2,1
364327855,7,1,1,3,1,145,3,1,33460,27,53,260.15,2,2,5,5,1,2,35,3,,,,NA,2,1
364327855,7,1,1,1,1,241,2,1,33460,27,53,242,2,5,5,8,2,5,77,3,,,,NA,2,1
364327855,7,1,1,1,1,228,2,1,33460,27,3,514,2,2,2,2,1,2,84,3,,,,NA,2,1
364327855,7,1,1,1,1,181,2,1,33460,27,59,1301,2,5,5,8,1,5,82,3,,,,NA,2,1
364327855,7,1,1,1,1,177,2,1,33460,27,53,269.06,2,5,5,8,2,5,69,3,,,,NA,2,1
364327855,7,1,1,1,1,184,2,1,33460,27,53,267.14,2,5,5,8,1,5,70,3,,,,NA,2,1
364327855,7,1,1,1,1,218,2,1,33460,27,19,908,2,5,5,8,2,5,56,3,,,,NA,2,1
364327855,7,1,1,1,1,199,2,1,33460,27,3,514,2,5,5,8,1,5,70,3,,,,NA,2,1
364327855,7,1,1,1,1,268,2,1,33460,27,37,607.39,2,2,5,5,1,2,77,3,,,,NA,2,1
364327855,7,1,1,1,1,297,2,1,33460,27,37,607.46,2,5,5,8,1,5,110,6,,,,NA,2,1
364327855,7,1,1,3,1,215,3,1,33460,27,3,501.1,2,5,5,8,1,5,73,6,,,,NA,2,1
364327855,7,1,1,1,1,240,2,1,33460,27,53,262.02,2,5,5,8,1,5,94,6,,,,NA,2,1
364327855,7,1,1,1,1,304,2,1,33460,27,53,1054,2,5,5,8,1,5,183,6,,,,NA,2,1
364327855,7,1,1,3,1,332,3,1,20260,27,17,703,2,2,5,5,1,2,173,6,,,,NA,2,1
364327855,7,1,1,1,1,333,2,1,33460,27,53,81,2,2,5,5,2,1,140,6,,,,NA,2,1
364327855,7,1,1,3,1,135,3,1,33460,27,139,802.01,2,5,5,8,1,5,68,6,,,,NA,2,1
364327855,7,1,1,1,1,225,2,1,33460,27,171,1002.04,2,2,5,5,1,2,99,6,,,,NA,2,1
364327855,7,1,1,1,1,142,2,1,NA,27,115,9506,2,5,5,8,2,5,35,6,,,,NA,2,1
364327855,7,1,1,1,1,108,2,1,33460,27,123,407.06,2,2,5,5,1,2,46,6,,,,NA,2,1
364327855,7,1,1,1,1,268,2,1,33460,27,3,502.22,2,2,5,5,1,2,114,6,,,,NA,2,1
364327855,7,1,1,3,1,125,3,1,33460,27,53,270.01,2,2,5,5,1,2,48,6,,,,NA,2,1
364327855,7,1,1,1,1,131,2,1,33460,27,53,1055,2,5,5,8,1,5,52,6,,,,NA,2,1
364327855,7,1,1,1,1,119,2,1,NA,27,85,9503,2,2,5,5,1,2,47,6,,,,NA,2,1
364327855,7,1,1,3,1,150,3,1,33460,27,123,414,2,5,5,8,1,5,75,6,,,,NA,2,1
364327855,7,1,1,1,1,230,2,1,33460,27,53,247,2,2,5,3,2,1,109,6,,,,NA,2,1
364327855,7,1,1,3,1,198,3,1,33460,27,53,1029,2,5,5,8,1,5,115,6,,,,NA,2,1
364327855,7,1,1,3,1,183,3,1,33460,27,37,604.01,2,5,5,8,1,5,54,6,,,,NA,2,1
364327855,7,1,1,1,1,170,2,1,33460,27,37,608.26,2,5,5,8,2,5,64,6,,,,NA,2,1
364327855,7,1,1,1,1,240,2,1,33460,27,53,1049,2,5,5,8,2,5,131,6,,,,NA,2,1
364327855,7,1,1,1,1,200,2,1,33460,27,53,3,2,2,5,5,2,2,199,6,,,,NA,2,1
364327855,7,1,1,1,1,308,2,1,33460,27,37,605.08,2,2,5,5,1,2,160,6,,,,NA,2,1
364327855,7,1,1,3,1,143,3,1,33460,27,171,1001,3,3,5,5,1,2,67,6,,,,NA,2,1
364327855,7,1,1,1,1,320,2,1,33460,27,53,228.02,2,2,5,5,1,2,80,6,,,,NA,2,1
364327855,7,1,1,1,1,199,2,1,33460,27,53,267.15,2,5,5,8,2,5,79,6,,,,NA,2,1
364327855,7,1,1,1,1,369,2,1,33460,27,3,516,2,2,5,5,2,1,131,6,,,,NA,2,1
364327855,7,1,1,1,1,326,2,1,33460,27,53,77,2,2,5,5,2,1,213,6,,,,NA,2,1
364327855,7,1,1,3,1,251,3,1,33460,27,37,609.07,2,2,5,5,2,1,161,6,,,,NA,2,1
364327855,7,1,1,1,1,264,2,1,33460,27,25,1102,2,5,5,8,1,5,66,6,,,,NA,2,1
364327855,7,1,1,3,1,140,3,1,33460,27,25,1104.02,2,5,5,8,1,5,52,6,,,,NA,2,1
364327855,7,1,1,1,1,218,2,1,33460,27,123,339,2,2,5,5,2,1,63,6,,,,NA,2,1
364327855,7,1,1,3,1,195,3,1,33460,27,53,277,2,2,5,5,2,1,70,6,,,,NA,2,1
364327855,7,1,1,3,1,120,3,1,33460,27,53,258.01,2,5,5,8,2,5,38,6,,,,NA,2,1
364327855,7,1,1,1,1,193,2,1,NA,27,23,9506,2,2,5,5,2,1,77,6,,,,NA,2,1
364327855,7,1,1,1,1,603,2,1,33460,27,53,269.09,2,2,5,5,1,2,122,6,,,,NA,2,1
364327855,7,1,1,3,1,228,3,1,33460,27,141,303,2,2,5,5,1,2,152,6,,,,NA,2,1
364327855,7,1,1,1,1,396,2,1,33460,27,163,702.03,2,5,5,8,1,5,175,6,,,,NA,2,1
364327855,7,1,1,1,1,113,2,1,33460,27,53,1004,2,2,5,5,2,1,164,6,,,,NA,2,1
364327855,7,1,1,3,1,251,3,1,33460,27,123,331,2,5,5,8,2,5,73,6,,,,NA,2,1
364327855,7,1,1,1,1,192,2,1,33460,27,37,607.37,2,5,5,8,2,5,48,6,,,,NA,2,1
364327855,7,1,1,1,1,240,2,1,33460,27,163,702.05,2,5,5,8,1,5,85,6,,,,NA,2,1
364327855,7,3,1,3,1,231,3,1,33460,27,171,1007.03,2,5,5,8,1,5,83,6,,,,NA,2,1
364327855,7,1,1,3,1,338,3,1,33460,27,37,606.03,2,2,5,5,1,2,182,6,,,,NA,2,1
364327855,7,1,1,1,1,326,2,1,33460,27,3,502.24,2,2,5,5,2,1,125,6,,,,NA,2,1
364327855,7,2,1,1,1,289,2,1,33460,27,53,215.04,2,2,5,5,1,2,136,6,,,,NA,2,1
364327855,7,2,1,1,1,74,2,1,NA,27,23,9506,2,5,5,8,2,5,20,6,,,,NA,2,1
364327855,7,1,1,3,1,128,3,1,33460,27,53,269.08,2,2,5,5,1,2,111,6,,,,NA,2,1
364327855,7,1,1,3,1,283,3,1,33460,27,37,607.45,2,2,5,5,2,1,158,6,,,,NA,2,1
364327855,7,1,1,1,1,128,2,1,33460,27,163,702.03,2,5,5,8,2,5,105,6,,,,NA,2,1
364327855,7,3,1,1,1,315,2,1,33460,27,3,502.22,2,2,5,5,1,2,94,6,,,,NA,2,1
364327855,7,1,1,1,1,227,2,1,33460,27,139,802.05,2,2,2,2,2,1,84,6,,,,NA,2,1
364327855,7,2,1,1,1,326,2,1,33460,27,53,208.01,2,2,5,5,2,1,111,6,,,,NA,2,1
364327855,7,1,1,1,1,361,2,1,NA,27,35,9504,2,5,5,8,2,5,110,6,,,,NA,2,1
364327855,7,1,1,1,1,114,2,1,33460,27,123,407.06,2,5,5,8,1,5,102,6,,,,NA,2,1
364327855,7,2,1,1,1,218,2,1,33460,27,53,267.1,2,2,5,5,1,2,89,6,,,,NA,2,1
364327855,7,2,1,3,1,107,3,1,NA,27,85,9507,2,5,5,8,1,5,37,7,,,,NA,2,1
364327855,7,2,1,3,1,244,3,1,33460,27,123,416.01,2,2,5,5,1,2,88,7,,,,NA,2,1
364327855,7,2,1,1,1,112,2,1,NA,27,115,9505,2,5,5,8,1,5,35,7,,,,NA,2,1
364327855,7,2,1,1,1,125,2,1,33460,27,171,1004,2,5,5,8,2,5,48,7,,,,NA,2,1
364327855,7,2,1,1,1,196,2,1,33460,27,25,1104.01,2,5,5,8,1,5,52,7,,,,NA,2,1
364327855,7,2,1,1,1,184,2,1,33460,27,123,409.02,2,5,5,8,2,5,47,7,,,,NA,2,1
364327855,7,2,1,1,1,285,2,1,33460,27,171,1004,2,5,5,8,2,5,71,7,,,,NA,2,1
364327855,7,2,1,1,1,133,2,1,33460,27,59,1303.01,2,5,5,8,2,5,36,7,,,,NA,2,1
364327855,7,4,1,1,1,284,2,1,33460,27,139,811,2,2,5,5,1,2,81,7,,,,NA,2,1
364327855,7,4,1,1,1,177,2,1,33460,27,25,1103.01,2,2,5,5,1,2,73,7,,,,NA,2,1
364327855,7,2,1,1,1,255,2,1,33460,27,37,607.32,2,2,5,5,2,1,67,7,,,,NA,2,1
364327855,7,2,1,1,1,175,2,1,33460,27,3,508.18,2,5,3,8,2,5,49,9,,,,NA,2,1
364327855,7,2,1,1,1,177,2,1,33460,27,3,504.02,2,2,5,5,1,1,52,9,,,,NA,2,1
364327855,7,2,1,3,1,182,3,3,33460,27,53,84,1,5,5,8,2,5,47,0,3,,,NA,2,1
364327855,7,1,1,3,1,295,3,3,33460,27,53,272.03,2,5,5,8,1,5,24,0,1,,,NA,2,1
364327855,7,1,1,1,1,16,2,3,20260,27,137,38,2,5,5,8,1,5,32,0,5,,,NA,2,1
364327855,7,1,1,3,1,150,3,3,33460,27,123,414,2,2,5,5,2,1,90,0,9,,,NA,2,1
364327855,7,1,1,3,1,200,3,3,33460,27,139,803.02,2,5,5,8,2,5,35,0,1,,,NA,2,1
364327855,7,2,1,1,1,283,2,3,33460,27,37,605.06,2,2,5,5,2,1,131,0,4,,,NA,2,1
364327855,7,2,1,3,1,139,3,3,33460,27,53,1029,2,2,5,5,1,2,80,0,9,,,NA,2,1
364327855,7,1,1,1,1,170,2,3,33460,27,53,269.06,2,2,2,2,1,2,73,0,4,,,NA,2,1
364327855,7,1,1,3,1,125,3,1,33460,27,19,910,2,5,5,8,1,5,44,1,,,,NA,2,1
364327855,7,1,1,1,1,420,2,1,33460,27,53,1113,2,5,5,8,1,5,79,1,,,,NA,2,1
364327855,7,1,1,1,1,119,2,1,33460,27,53,260.06,2,2,2,2,1,2,61,1,,,,NA,2,1
364327855,7,2,1,1,1,214,2,1,33460,27,3,502.25,2,2,5,5,1,2,89,2,,,,01.56,2,1
364327855,7,1,1,1,1,175,2,1,33460,27,37,611.08,2,2,4,5,2,1,101,1,,,,NA,2,1
364327855,7,2,1,3,1,183,3,1,33460,27,53,205,2,5,3,8,2,5,54,2,,,,01.64,2,1
364327855,7,2,1,1,1,172,2,1,33460,27,3,502.08,2,5,5,8,1,5,35,2,,,,NA,2,1
364327855,7,2,1,1,1,264,2,1,33460,27,53,269.06,2,5,4,8,1,5,143,2,,,,NA,2,1
364327855,7,2,1,1,1,307,2,1,33460,27,37,608.21,2,2,5,5,2,1,112,2,,,,NA,2,1
364327855,7,2,1,1,1,213,2,1,33460,27,53,32,2,5,5,8,1,5,54,2,,,,01.61,2,1
364327855,7,2,1,1,1,113,2,1,33460,27,53,1004,2,5,3,8,2,5,37,2,,,,NA,2,1
364327855,7,2,1,1,1,196,2,1,33460,27,141,304.03,2,5,5,8,2,5,39,2,,,,NA,2,1
364327855,7,2,1,1,1,160,2,1,33460,27,53,1029,2,5,2,8,1,5,35,2,,,,NA,2,1
364327855,7,2,1,1,1,152,2,1,33460,27,3,508.1,2,5,5,8,1,5,41,2,,,,NA,2,1
364327855,7,2,1,1,1,91,2,1,33460,27,79,9502,2,5,5,8,1,5,35,2,,,,02.02,2,1
364327855,7,1,1,3,1,97,3,1,41060,27,145,3.01,2,5,5,8,1,5,55,3,,,,NA,2,1
364327855,7,1,1,1,1,73,2,1,33460,27,53,268.16,2,5,5,8,1,5,60,3,,,,NA,2,1
364327855,7,1,1,1,1,163,2,1,33460,27,3,508.21,2,5,5,8,2,5,52,3,,,,NA,2,1
364327855,7,1,1,3,1,160,3,1,33460,27,139,803.01,1,1,5,5,1,2,57,3,,,,NA,2,1
364327855,7,1,1,1,1,380,2,1,33460,27,163,705.02,2,2,2,5,1,2,115,3,,,,NA,2,1
364327855,7,1,1,3,1,144,3,1,33460,27,53,267.14,2,5,5,8,2,5,44,3,,,,NA,2,1
364327855,7,1,1,1,1,200,2,1,33460,27,37,605.09,2,2,5,5,1,2,73,3,,,,NA,2,1
364327855,7,1,1,3,1,243,3,1,33460,27,163,714,2,5,5,8,1,5,71,3,,,,NA,2,1
364327855,7,1,1,1,1,299,2,1,NA,27,49,805,2,2,5,5,1,2,121,3,,,,NA,2,1
364327855,7,1,1,1,1,243,2,1,33460,27,171,1010,2,5,5,8,1,5,65,3,,,,NA,2,1
364327855,7,1,1,1,1,170,2,1,33460,27,37,607.48,2,5,2,8,2,5,39,3,,,,NA,2,1
364327855,7,1,1,1,1,104,2,1,33460,27,123,308,2,5,2,8,1,5,33,3,,,,NA,2,1
364327855,7,1,1,1,1,179,2,1,33460,27,123,368,2,2,5,5,2,1,84,3,,,,NA,2,1
364327855,7,1,1,1,1,209,2,1,33460,27,141,302,2,5,5,8,1,5,77,3,,,,NA,2,1
364327855,7,1,1,1,1,205,2,1,33460,27,171,1011,2,5,5,8,1,5,58,3,,,,NA,2,1
364327855,7,1,1,1,1,184,2,1,33460,27,163,709.07,2,5,5,8,1,5,58,3,,,,NA,2,1
364327855,7,1,1,1,1,112,2,1,33460,27,123,360,2,5,5,8,2,5,48,3,,,,NA,2,1
364327855,7,1,1,1,1,168,2,1,33460,27,53,1041,2,5,5,8,2,5,72,3,,,,NA,2,1
364327855,7,1,1,1,1,140,2,1,33460,27,139,803.01,2,5,5,8,2,5,42,3,,,,NA,2,1
364327855,7,1,1,1,1,150,2,1,33460,27,53,258.01,2,2,5,5,1,2,131,6,,,,NA,2,1
364327855,7,1,1,1,1,149,2,1,33460,27,53,267.15,2,5,5,8,1,5,55,6,,,,NA,2,1
364327855,7,1,1,1,1,397,2,1,33460,27,53,1112,3,5,6,8,3,5,230,6,,,,NA,2,1
364327855,7,1,1,1,1,105,2,1,33460,27,141,305.04,2,2,5,5,2,1,142,6,,,,NA,2,1
364327855,7,1,1,3,1,122,3,1,33460,27,123,407.06,2,5,5,8,2,5,165,6,,,,NA,2,1
364327855,7,1,1,1,1,317,2,1,33460,27,3,508.19,2,5,5,8,2,5,91,6,,,,NA,2,1
364327855,7,1,1,3,1,184,3,1,33460,27,53,215.04,2,2,5,5,1,2,121,6,,,,NA,2,1
364327855,7,1,1,1,1,214,2,1,33460,27,59,1301,2,5,5,8,1,5,77,6,,,,NA,2,1
364327855,7,1,1,1,1,183,2,1,33460,27,171,1001,2,2,5,5,2,1,247,6,,,,NA,2,1
364327855,7,1,1,1,1,302,2,1,33460,27,53,221.02,2,5,5,8,2,5,94,6,,,,NA,2,1
364327855,7,1,1,1,1,319,2,1,33460,27,123,365,2,2,5,5,1,2,150,6,,,,NA,2,1
364327855,7,1,1,3,1,170,3,1,33460,27,3,505.05,2,5,5,8,1,5,57,6,,,,NA,2,1
364327855,7,1,1,1,1,150,2,1,33460,27,25,1102,2,2,5,5,1,2,60,6,,,,NA,2,1
364327855,7,1,1,1,1,154,2,1,33460,27,163,701.05,2,5,5,8,2,5,61,6,,,,NA,2,1
364327855,7,1,1,1,1,214,2,1,33460,27,53,269.07,2,5,5,8,1,5,94,6,,,,NA,2,1
364327855,7,1,1,3,1,183,3,1,33460,27,25,1104.02,2,5,5,8,1,5,85,6,,,,NA,2,1
364327855,7,1,1,1,1,255,2,1,33460,27,3,502.21,2,2,5,5,2,2,94,6,,,,NA,2,1
364327855,7,1,1,3,1,185,3,1,33460,27,3,508.13,2,2,5,5,2,1,85,6,,,,NA,2,1
364327855,7,1,1,1,1,226,2,1,33460,27,53,1105,3,3,6,6,3,3,128,6,,,,NA,2,1
364327855,7,1,1,1,1,390,2,1,33460,27,163,704.06,2,2,5,5,1,1,206,6,,,,NA,2,1
364327855,7,1,1,1,1,165,2,1,33460,27,53,17,2,5,5,8,1,5,85,6,,,,NA,2,1
364327855,7,1,1,1,1,302,2,1,33460,27,163,703.03,2,2,5,5,1,2,160,6,,,,NA,2,1
364327855,7,1,1,3,1,271,3,1,33460,27,53,246,2,2,5,5,1,2,206,6,,,,NA,2,1
364327855,7,1,1,1,1,175,2,1,33460,27,53,256.01,2,2,5,5,2,1,153,6,,,,NA,2,1
364327855,7,1,1,1,1,352,2,1,33460,27,19,907.01,2,2,5,5,1,2,206,6,,,,NA,2,1
364327855,7,1,1,1,1,195,2,1,33460,27,123,310,2,5,2,8,1,5,50,6,,,,NA,2,1
364327855,7,1,1,1,1,223,2,1,33460,27,53,268.15,2,5,3,8,1,5,55,6,,,,NA,2,1
364327855,7,1,1,1,1,280,2,1,33460,27,123,333,2,5,5,8,1,5,120,6,,,,NA,2,1
364327855,7,1,1,1,1,200,2,1,33460,27,25,1105.01,2,2,5,5,2,1,60,6,,,,NA,2,1
364327855,7,1,1,1,1,300,2,1,33460,27,59,1305.01,2,2,5,5,1,2,130,6,,,,NA,2,1
364327855,7,1,1,1,1,115,2,1,33460,27,79,9502,2,5,5,8,1,5,71,6,,,,NA,2,1
364327855,7,1,1,1,1,188,2,1,33460,27,163,706.02,2,2,5,5,1,2,69,6,,,,NA,2,1
364327855,7,1,1,1,1,208,2,1,40340,27,109,9.03,2,5,5,8,1,5,95,6,,,,NA,2,1
364327855,7,1,1,1,1,144,2,1,NA,27,23,9506,2,5,5,8,1,5,40,6,,,,NA,2,1
364327855,7,1,1,1,1,182,2,1,33460,27,3,508.05,2,2,5,5,1,2,102,6,,,,NA,2,1
364327855,7,1,1,1,1,219,2,1,33460,27,171,1009,2,5,5,8,1,5,73,6,,,,NA,2,1
364327855,7,1,1,1,1,309,2,1,33460,27,53,262.01,2,5,5,8,2,5,130,6,,,,NA,2,1
364327855,7,1,1,1,1,356,2,1,33460,27,53,271.01,2,2,5,5,1,2,149,6,,,,NA,2,1
364327855,7,2,1,3,1,229,3,1,33460,27,53,258.03,2,5,5,8,2,5,77,6,,,,NA,2,1
364327855,7,2,1,1,1,203,2,1,33460,27,171,1008.01,2,5,5,8,1,5,48,6,,,,NA,2,1
364327855,7,2,1,1,1,204,2,1,33460,27,53,260.2,2,5,5,8,2,5,54,6,,,,NA,2,1
364327855,7,1,1,1,1,250,2,1,33460,27,37,607.13,2,2,5,5,1,2,97,6,,,,NA,2,1
364327855,7,1,1,1,1,290,2,1,33460,27,139,801,2,2,2,2,1,2,58,6,,,,NA,2,1
364327855,7,1,1,1,1,224,2,1,33460,27,139,807,2,5,2,8,2,5,42,6,,,,NA,2,1
364327855,7,3,1,1,1,150,2,1,33460,27,123,410.02,2,5,5,8,1,5,27,6,,,,NA,2,1
364327855,7,3,1,1,1,110,2,1,33460,27,53,1257,2,5,3,8,1,5,40,6,,,,NA,2,1
364327855,7,3,1,1,1,466,2,1,33460,27,53,239.01,2,2,5,5,1,2,74,6,,,,NA,2,1
364327855,7,1,1,1,1,544,2,1,33460,27,53,266.12,2,2,5,4,1,2,251,7,,,,NA,2,1
364327855,7,1,1,3,1,420,3,1,33460,27,53,270.02,3,5,6,8,3,5,137,7,,,,NA,2,1
364327855,7,2,1,1,1,135,2,1,33460,27,141,304.04,2,5,5,8,2,5,35,7,,,,NA,2,1
364327855,7,2,1,1,1,319,2,1,33460,27,19,912.02,1,1,5,5,1,2,82,7,,,,NA,2,1
364327855,7,2,1,3,1,153,3,1,33460,27,171,1001,2,2,5,5,1,2,55,7,,,,NA,2,1
364327855,7,2,1,1,1,132,2,1,33460,27,59,1305.02,2,5,5,8,2,5,46,7,,,,NA,2,1
364327855,7,2,1,1,1,171,2,1,33460,27,163,709.09,2,5,2,8,2,5,43,7,,,,NA,2,1
364327855,7,2,1,1,1,180,2,1,33460,27,53,3,3,5,6,8,3,5,79,7,,,,NA,2,1
364327855,7,2,1,1,1,178,2,1,33460,27,3,508.08,2,5,5,8,1,5,47,7,,,,NA,2,1
364327855,7,2,1,1,1,253,2,1,33460,27,141,301.01,3,5,3,8,3,5,78,7,,,,NA,2,1
364327855,7,2,1,1,1,102,2,1,41060,27,9,211.02,3,5,5,8,3,5,31,7,,,,01.52,2,1
364327855,7,2,1,1,1,231,2,1,33460,27,171,1001,2,5,5,8,1,5,91,7,,,,NA,2,1
364327855,7,2,1,1,1,92,2,1,33460,27,123,304,2,5,5,8,1,5,53,7,,,,NA,2,1
364327855,7,2,1,1,1,252,2,1,33460,27,53,269.09,2,2,5,5,2,1,136,7,,,,NA,2,1
364327855,7,2,1,1,1,122,2,1,33460,27,3,508.06,2,2,5,5,1,2,43,7,,,,01.72,2,1
364327855,7,2,1,1,1,165,2,1,33460,27,3,507.12,2,5,2,8,2,5,45,7,,,,NA,2,1
364327855,7,3,1,3,1,404,3,1,33460,27,37,607.44,1,2,5,5,1,2,177,7,,,,NA,2,1
364327855,7,1,1,1,1,715,2,1,33460,27,139,809.04,3,3,6,6,3,3,185,7,,,,NA,2,1
364327855,7,1,1,1,1,95,2,3,33460,27,53,265.07,2,2,5,5,1,2,93,0,4,,,NA,2,1
364327855,7,2,1,1,1,239,2,3,33460,27,171,1008.01,2,2,5,5,2,1,165,0,6,,,NA,2,1
364327855,7,2,1,3,1,144,3,3,33460,27,171,1008.02,2,5,5,8,1,5,54,0,3,,,NA,2,1
364327855,7,1,1,1,1,8,2,1,33460,27,123,406.03,2,5,5,8,2,5,41,9,,,,NA,2,2
364327855,7,1,1,1,1,8,2,1,33460,27,171,1007.01,2,5,5,8,1,5,31,9,,,,NA,2,2
364327855,7,1,1,1,1,224,2,1,33460,27,3,512.02,2,5,5,8,1,5,56,3,,,,NA,2,1
364327855,7,1,1,1,1,262,2,1,33460,27,37,610.07,2,5,2,8,2,5,133,6,,,,NA,2,1
364327855,7,1,1,1,1,298,2,1,33460,27,37,608.19,2,5,5,8,2,5,62,3,,,,NA,2,1
364327855,7,1,1,3,1,182,3,1,33460,27,3,501.07,2,2,5,5,1,2,89,6,,,,NA,2,1
364327855,7,2,1,1,1,148,2,3,33460,27,53,260.16,2,2,5,2,2,1,66,0,4,,,NA,2,1
364327855,7,2,1,1,1,226,2,1,33460,27,53,234,2,2,3,3,2,2,83,7,,,,NA,2,1
364327855,7,1,1,3,1,154,3,1,33460,27,53,268.18,2,5,3,8,1,5,46,6,,,,NA,2,1
364327855,7,2,1,1,1,157,2,1,41060,27,9,212,2,5,1,8,1,5,65,7,,,,01.59,2,1
364327855,7,1,1,3,1,152,3,1,NA,27,7,4507.01,2,2,5,5,1,2,132,6,,,,NA,2,1
364327855,7,1,1,1,1,237,2,1,NA,27,115,9507,2,2,5,5,1,2,104,3,,,,01.50,2,1
364327855,7,1,1,1,1,328,2,1,33460,27,53,1030,2,2,5,5,1,2,169,6,,,,NA,2,1
364327855,7,2,1,1,1,174,2,1,33460,27,123,419,2,5,5,8,2,5,36,7,,,,NA,2,1
364327855,7,1,1,3,1,145,3,1,33460,27,123,351,2,2,5,5,1,2,68,3,,,,NA,2,1
364327855,7,1,1,3,1,259,3,1,33460,27,37,607.45,2,5,5,8,2,5,60,3,,,,NA,2,1
364327855,7,1,1,1,1,90,2,1,NA,27,23,9506,2,5,5,8,2,5,33,1,,,,NA,2,1
364327855,7,2,1,1,1,107,2,1,NA,27,65,4804,2,5,5,8,1,5,49,2,,,,01.57,2,1
364327855,7,1,1,1,1,417,2,1,33460,27,163,701.05,2,2,5,5,1,2,139,6,,,,NA,2,1
364327855,7,1,1,1,1,162,2,1,33460,27,37,608.29,1,5,5,8,1,5,56,3,,,,NA,2,1
364327855,7,1,1,1,1,140,2,1,33460,27,53,1261,2,5,5,8,1,5,54,6,,,,NA,2,1
364327855,7,1,1,1,1,184,2,1,33460,27,53,269.09,2,5,5,8,1,5,53,3,,,,NA,2,1
364327855,7,1,1,1,1,170,2,1,NA,27,57,704,2,2,5,5,1,2,94,6,,,,NA,2,1
364327855,7,1,1,1,1,265,2,1,33460,27,3,501.08,2,5,5,8,2,5,53,3,,,,NA,2,1
364327855,7,2,1,3,1,268,3,1,33460,27,163,702.03,2,5,5,8,1,5,81,6,,,,NA,2,1
364327855,7,1,1,1,1,150,2,1,33460,27,3,506.1,2,5,5,8,1,5,33,3,,,,NA,2,1
364327855,7,1,1,1,1,225,2,1,33460,27,53,215.05,2,2,5,5,2,1,137,6,,,,NA,2,1
364327855,7,1,1,3,1,110,3,1,33460,27,141,305.02,2,2,5,5,2,1,78,3,,,,NA,2,1
364327855,7,1,1,3,1,424,3,1,33460,27,53,262.05,2,2,5,5,1,2,238,6,,,,NA,2,1
364327855,7,1,1,1,1,392,2,1,33460,27,53,260.07,2,2,5,5,1,2,162,6,,,,NA,2,1
364327855,7,1,1,1,1,124,2,1,33460,27,3,508.18,2,5,5,8,2,5,38,3,,,,NA,2,1
364327855,7,1,1,3,1,231,3,1,33460,27,37,607.09,2,2,5,5,1,2,157,6,,,,NA,2,1
364327855,7,2,1,1,1,216,2,3,33460,27,141,305.03,2,5,5,8,1,5,67,0,3,,,NA,2,1
364327855,7,3,1,1,1,224,2,1,33460,27,3,510.01,2,5,6,8,1,5,71,6,,,,NA,2,1
364327855,7,1,1,1,1,176,2,1,33460,27,139,804,2,2,5,5,1,2,87,6,,,,NA,2,1
364327855,7,3,1,1,1,210,2,1,33460,27,139,809.03,2,2,5,5,1,2,104,6,,,,NA,2,1
364327855,7,3,1,3,1,443,3,1,33460,27,123,303,2,2,5,5,1,2,163,2,,,,NA,2,1
364327855,7,1,1,1,1,219,2,1,33460,27,25,1106,2,5,5,8,1,5,65,6,,,,NA,2,1
364327855,7,2,1,1,1,181,2,1,33460,27,123,426.02,2,5,5,8,1,5,49,6,,,,NA,2,1
364327855,7,2,1,1,1,322,2,1,33460,27,139,803.02,2,5,2,8,1,5,81,7,,,,NA,2,1
364327855,7,1,1,3,1,278,3,1,31860,27,13,1702,2,5,5,8,1,5,84,6,,,,NA,2,1
364327855,7,2,1,1,1,152,2,1,33460,27,123,309,2,5,5,8,1,5,35,6,,,,NA,2,1
364327855,7,1,1,1,1,245,2,1,33460,27,25,1106,2,5,5,8,2,5,106,1,,,,01.67,2,1
364327855,7,3,1,1,1,169,2,1,33460,27,3,510.02,2,2,5,5,1,2,87,7,,,,NA,2,1
364327855,7,1,1,1,1,260,2,1,33460,27,53,83,2,5,5,8,1,5,71,3,,,,NA,2,1
364327855,7,2,1,1,1,189,2,1,33460,27,3,508.09,2,5,5,8,1,5,47,6,,,,NA,2,1
364327855,7,1,1,1,1,305,2,1,33460,27,163,710.18,2,2,5,5,2,2,178,6,,,,NA,2,1
364327855,7,1,1,1,1,515,2,1,33460,27,53,264.04,2,5,5,8,2,5,566,6,,,,NA,2,1
364327855,7,1,1,1,1,178,2,1,33460,27,19,912.01,2,5,5,8,1,5,52,6,,,,NA,2,1
364327855,7,1,1,1,1,223,2,1,33460,27,123,405.02,2,2,5,5,2,1,105,6,,,,NA,2,1
364327855,7,1,1,1,1,204,2,1,33460,27,59,1304,2,5,5,8,1,5,50,3,,,,NA,2,1
364327855,7,1,1,1,1,155,2,1,33460,27,123,323,2,5,5,8,2,5,62,6,,,,NA,2,1
364327855,7,1,1,1,1,154,2,1,33460,27,3,507.09,2,5,5,8,2,5,67,6,,,,NA,2,1
364327855,7,1,1,3,1,134,3,1,33460,27,3,512.06,2,5,5,8,2,5,43,1,,,,NA,2,1
364327855,7,1,1,3,1,205,3,1,33460,27,53,217,2,5,5,8,1,5,48,6,,,,NA,2,1
364327855,7,4,1,1,1,65,2,1,NA,27,67,7709,2,5,5,8,1,5,20,7,,,,NA,2,1
364327855,7,1,1,3,1,176,3,1,33460,27,53,268.15,2,5,5,8,1,5,50,6,,,,NA,2,1
364327855,7,1,1,1,1,264,2,1,33460,27,53,257.02,2,5,5,8,1,5,64,3,,,,NA,2,1
364327855,7,1,1,1,1,547,2,1,33460,27,123,423.01,2,2,5,5,1,2,293,6,,,,NA,2,1
364327855,7,1,1,3,1,174,3,1,33460,27,37,607.47,3,5,6,8,1,5,98,6,,,,NA,2,1
364327855,7,1,1,1,1,221,2,1,NA,27,49,802,2,5,5,8,2,5,93,3,,,,NA,2,1
364327855,7,1,1,1,1,390,2,1,33460,27,3,502.36,2,2,5,5,1,2,108,6,,,,NA,2,1
364327855,7,2,1,1,1,243,2,1,33460,27,37,605.07,2,2,5,5,1,2,71,7,,,,NA,2,1
364327855,7,1,1,1,1,221,2,1,33460,27,37,607.39,2,5,2,8,1,5,40,3,,,,NA,2,1
364327855,7,4,1,1,1,240,2,1,33460,27,139,812,2,2,5,5,1,2,59,7,,,,NA,2,1
364327855,7,2,1,1,1,201,2,1,33460,27,3,507.04,2,2,5,5,2,2,72,2,,,,NA,2,1
364327855,7,1,1,3,1,260,3,1,33460,27,53,237,2,2,2,2,1,2,93,6,,,,NA,2,1
364327855,7,2,1,1,1,232,2,1,33460,27,3,508.16,2,5,5,8,2,5,48,6,,,,NA,2,1
364327855,7,1,1,1,1,304,2,1,33460,27,123,425.01,2,5,5,8,2,5,115,3,,,,NA,2,1
364327855,7,1,1,1,1,255,2,1,33460,27,53,1109,2,2,5,5,2,1,112,6,,,,NA,2,1
364327855,7,2,1,1,1,128,2,1,33460,27,123,406.03,2,5,5,8,2,5,41,9,,,,NA,2,1
364327855,7,2,1,1,1,208,2,3,33460,27,25,1103.02,2,2,5,5,1,2,67,0,9,,,NA,2,1
364327855,7,1,1,1,1,423,2,1,33460,27,53,259.06,2,5,5,8,2,5,162,6,,,,NA,2,1
364327855,7,1,1,1,1,265,2,1,33460,27,53,249.02,2,2,5,5,2,1,56,6,,,,NA,2,1
364327855,7,1,1,3,1,165,3,1,33460,27,141,301.01,2,2,5,5,1,2,101,6,,,,NA,2,1
364327855,7,1,1,1,1,220,2,1,33460,27,123,307.04,2,2,2,2,1,2,87,6,,,,NA,2,1
364327855,7,1,1,1,1,176,2,1,33460,27,53,204,2,5,5,8,1,5,38,3,,,,NA,2,1
364327855,7,2,1,1,1,245,2,1,33460,27,3,502.29,2,5,5,8,1,5,52,6,,,,NA,2,1
364327855,7,2,1,1,1,142,2,1,33460,27,53,269.09,2,5,2,8,2,5,40,7,,,,NA,2,1
364327855,7,1,1,1,1,272,2,1,33460,27,19,910,2,2,5,5,2,1,138,6,,,,NA,2,1
364327855,7,2,1,1,1,172,2,1,33460,27,53,1004,2,5,5,8,2,5,46,6,,,,NA,2,1
364327855,7,1,1,1,1,214,2,1,33460,27,123,364,3,3,6,6,2,2,215,6,,,,NA,2,1
364327855,7,1,1,1,1,128,2,1,33460,27,3,508.1,2,5,5,8,2,5,53,3,,,,NA,2,1
364327855,7,1,1,1,1,204,2,1,33460,27,25,1104.02,2,2,5,5,2,1,92,6,,,,NA,2,1
364327855,7,1,1,1,1,50,2,1,NA,27,47,1802,2,2,5,5,1,2,96,3,,,,NA,2,1
364327855,7,1,1,1,1,280,2,1,20260,27,137,103,2,2,5,5,1,2,195,1,,,,NA,2,1
364327855,7,2,1,3,1,116,3,1,NA,27,115,9505,2,5,5,8,1,5,22,2,,,,NA,2,1
364327855,7,1,1,1,1,105,2,1,33460,27,3,507.09,2,5,5,8,1,5,38,3,,,,NA,2,1
364327855,7,2,1,1,1,250,2,1,33460,27,163,701.06,2,5,5,8,2,5,122,2,,,,NA,2,1
364327855,7,2,1,1,1,152,2,1,33460,27,3,511.01,2,5,5,8,2,5,52,7,,,,NA,2,1
364327855,7,1,1,1,1,238,2,1,33460,27,53,228.02,2,5,5,8,2,5,83,6,,,,NA,2,1
364327855,7,3,1,1,1,547,2,1,33460,27,53,275.04,2,2,5,5,1,2,287,7,,,,NA,2,1
364327855,7,2,1,1,1,311,2,1,33460,27,53,231,2,5,5,8,1,5,62,2,,,,NA,2,1
364327855,7,1,1,1,1,226,2,1,33460,27,59,1303.02,2,2,5,5,1,2,60,3,,,,NA,2,1
364327855,7,1,1,1,1,403,2,1,33460,27,53,222,2,2,5,5,1,2,132,6,,,,NA,2,1
364327855,7,1,1,1,1,194,2,1,33460,27,53,267.15,2,5,3,8,2,5,63,3,,,,NA,2,1
364327855,7,1,1,3,1,128,3,1,33460,27,123,404.02,2,5,5,8,2,5,65,6,,,,NA,2,1
364327855,7,1,1,1,1,291,2,1,33460,27,123,410.02,2,5,5,8,2,5,59,3,,,,NA,2,1
364327855,7,3,1,1,1,610,2,1,33460,27,53,277,2,2,5,5,1,2,175,6,,,,NA,2,1
364327855,7,1,1,1,1,424,2,1,33460,27,3,508.2,2,5,5,8,2,5,162,6,,,,NA,2,1
364327855,7,1,1,1,1,243,2,1,33460,27,53,269.09,2,2,5,5,1,2,90,6,,,,NA,2,1
364327855,7,1,1,1,1,161,2,1,33460,27,3,508.18,2,3,5,5,1,2,103,6,,,,NA,2,1
364327855,7,1,1,1,1,206,2,1,33460,27,163,712.06,2,5,5,8,1,5,51,6,,,,NA,2,1
364327855,7,1,1,1,1,250,2,1,33460,27,53,260.14,2,2,2,2,1,2,64,6,,,,NA,2,1
364327855,7,1,1,1,1,168,2,1,33460,27,53,1093,2,2,5,5,1,1,57,3,,,,NA,2,1
364327855,7,1,1,1,1,295,2,1,33460,27,123,301,2,2,5,5,2,1,146,3,,,,NA,2,1
364327855,7,2,1,1,1,231,2,1,33460,27,53,221.01,2,5,3,8,1,5,45,6,,,,NA,2,1
364327855,7,1,1,1,1,247,2,1,33460,27,53,213,2,5,5,8,2,5,93,6,,,,NA,2,1
364327855,7,1,1,1,1,141,2,1,33460,27,123,306.01,2,5,2,8,1,5,26,3,,,,NA,2,1
364327855,7,1,1,1,1,370,2,1,33460,27,25,1106,2,2,5,5,1,2,136,6,,,,NA,2,1
364327855,7,1,1,1,1,173,2,1,33460,27,3,516,2,5,5,8,1,5,40,3,,,,NA,2,1
364327855,7,1,1,1,1,238,2,1,33460,27,141,305.02,2,2,5,5,1,2,87,6,,,,NA,2,1
364327855,7,1,1,3,1,201,3,1,33460,27,53,230,2,2,5,5,2,1,107,3,,,,NA,2,1
364327855,7,2,1,1,1,228,2,1,20260,27,137,2,2,5,5,8,2,5,56,7,,,,NA,2,1
364327855,7,1,1,1,1,184,2,1,33460,27,53,261.04,2,5,5,8,1,5,53,6,,,,NA,2,1
364327855,7,1,1,1,1,267,2,1,33460,27,37,608.28,2,5,2,8,1,5,60,6,,,,NA,2,1
364327855,7,1,1,1,1,214,2,1,33460,27,139,802.03,2,5,2,8,1,5,42,3,,,,NA,2,1
364327855,7,2,1,1,1,260,2,1,33460,27,3,507.12,2,2,6,6,1,2,83,2,,,,NA,2,1
364327855,7,1,1,3,1,110,3,1,33460,27,53,269.1,2,5,5,8,2,5,110,6,,,,NA,2,1
364327855,7,1,1,1,1,264,2,1,33460,27,53,259.03,2,2,5,5,2,1,133,6,,,,NA,2,1
364327855,7,3,1,1,1,245,2,1,33460,27,53,267.1,2,5,5,8,1,5,63,2,,,,NA,2,1
364327855,7,1,1,3,1,163,3,1,33460,27,141,301.02,2,5,5,8,1,5,41,3,,,,NA,2,1
364327855,7,1,1,3,1,239,3,3,33460,27,59,1305.02,2,5,5,8,2,5,64,0,9,,,NA,2,1
364327855,7,3,1,1,1,388,2,1,33460,27,171,1007.02,2,2,5,5,2,1,91,7,,,,NA,2,1
364327855,7,1,1,1,1,238,2,1,33460,27,3,502.28,2,2,5,5,1,2,108,6,,,,NA,2,1
364327855,7,1,1,1,1,314,2,1,33460,27,53,267.15,2,2,5,5,1,2,105,6,,,,NA,2,1
364327855,7,1,1,1,1,424,2,1,33460,27,53,260.22,2,2,5,5,1,2,129,3,,,,NA,2,1
364327855,7,1,1,1,1,424,2,1,33460,27,163,710.18,2,5,5,8,1,5,193,6,,,,NA,2,1
364327855,7,1,1,3,1,212,3,1,33460,27,53,221.01,2,2,5,5,1,2,80,6,,,,NA,2,1
364327855,7,2,1,1,1,63,2,3,33460,27,143,1701.98,2,5,5,8,2,5,31,0,4,,,NA,2,1
364327855,7,1,1,1,1,172,2,1,33460,27,53,260.18,3,3,6,6,2,1,108,6,,,,NA,2,1
364327855,7,1,1,1,1,160,2,1,33460,27,53,1008,2,5,2,8,1,5,37,3,,,,NA,2,1
364327855,7,2,1,1,1,142,2,1,33460,27,171,1007.01,2,5,5,8,1,5,31,9,,,,NA,2,1
364327855,7,1,1,1,1,132,2,1,33460,27,163,702.04,2,5,5,8,2,5,97,1,,,,NA,2,1
364327855,7,1,1,1,1,174,2,1,33460,27,171,1008.01,2,5,5,8,1,5,52,6,,,,NA,2,1
364327855,7,1,1,1,1,157,2,1,33460,27,53,269.06,2,2,2,2,1,2,65,3,,,,NA,2,1
364327855,7,1,1,3,1,131,3,1,33460,27,37,608.19,2,2,2,2,1,2,79,6,,,,NA,2,1
364327855,7,2,1,1,1,250,2,1,33460,27,25,1104.01,2,2,5,5,1,2,53,7,,,,NA,2,1
364327855,7,1,1,3,1,220,3,1,33460,27,53,118,2,2,5,5,2,1,138,6,,,,NA,2,1
364327855,7,1,1,1,1,100,2,1,33460,27,53,215.03,2,2,5,5,2,1,103,6,,,,NA,2,1
364327855,7,1,1,1,1,679,2,1,33460,27,53,1098,2,2,2,2,1,2,332,6,,,,NA,2,1
364327855,7,1,1,3,1,172,3,1,33460,27,139,805,2,5,5,8,2,5,138,6,,,,NA,2,1
364327855,7,1,1,1,1,255,2,1,33460,27,53,1113,2,2,5,5,1,2,188,6,,,,NA,2,1
364327855,7,1,1,1,1,326,2,1,33460,27,53,269.06,2,5,5,8,2,5,87,6,,,,NA,2,1
364327855,7,1,1,1,1,580,2,1,33460,27,37,614.01,2,2,5,5,1,2,144,6,,,,NA,2,1
364327855,7,1,1,1,1,335,2,1,33460,27,171,1007.03,2,2,5,5,2,1,125,6,,,,NA,2,1
364327855,7,1,1,1,1,424,2,1,33460,27,3,508.19,2,2,5,5,1,2,121,6,,,,NA,2,1
364327855,7,1,1,1,1,324,2,1,33460,27,123,367,2,5,5,8,1,5,107,6,,,,NA,2,1
364327855,7,1,1,1,1,253,2,1,33460,27,123,406.03,2,5,5,8,2,5,125,6,,,,NA,2,1
364327855,7,1,1,1,1,352,2,1,33460,27,53,1098,2,2,5,5,1,2,120,6,,,,NA,2,1
364327855,7,1,1,1,1,176,2,1,33460,27,141,301.02,2,2,5,5,1,2,52,6,,,,NA,2,1
364327855,7,1,1,1,1,237,2,1,33460,27,163,710.1,2,2,5,5,1,2,96,6,,,,NA,2,1
364327855,7,1,1,1,1,200,2,1,33460,27,3,502.15,2,2,5,5,1,2,203,6,,,,NA,2,1
364327855,7,1,1,1,1,219,2,1,33460,27,53,267.07,2,5,5,8,1,5,105,6,,,,NA,2,1
364327855,7,1,1,1,1,100,2,1,33460,27,53,239.03,2,5,5,8,2,5,115,6,,,,NA,2,1
364327855,7,1,1,1,1,416,2,1,33460,27,53,264.04,2,2,6,6,3,3,99,6,,,,NA,2,1
364327855,7,1,1,1,1,327,2,1,33460,27,37,614.02,2,2,5,5,1,2,115,6,,,,NA,2,1
364327855,7,1,1,1,1,266,2,1,33460,27,53,269.07,2,2,5,5,1,2,80,6,,,,NA,2,1
364327855,7,1,1,1,1,279,2,1,33460,27,37,607.29,2,2,3,3,1,2,101,6,,,,NA,2,1
364327855,7,1,1,1,1,290,2,1,33460,27,123,407.04,2,2,5,5,1,2,134,6,,,,NA,2,1
364327855,7,1,1,1,1,244,2,1,33460,27,37,609.07,2,2,5,5,1,2,125,6,,,,NA,2,1
364327855,7,1,1,1,1,271,2,1,33460,27,53,267.16,2,2,5,5,1,2,105,6,,,,NA,2,1
364327855,7,1,1,1,1,152,2,1,33460,27,37,608.26,3,5,6,8,3,5,109,6,,,,NA,2,1
364327855,7,1,1,3,1,130,3,1,33460,27,53,268.15,2,2,5,1,1,2,27,6,,,,NA,2,1
364327855,7,1,1,1,1,347,2,1,33460,27,53,239.03,2,2,5,5,2,1,142,6,,,,NA,2,1
364327855,7,1,1,1,1,314,2,1,33460,27,53,1114,2,2,5,5,1,2,171,6,,,,NA,2,1
364327855,7,1,1,1,1,272,2,1,33460,27,53,216.02,2,5,5,8,1,5,136,6,,,,NA,2,1
364327855,7,1,1,3,1,216,3,1,33460,27,163,701.05,2,5,5,8,1,5,57,6,,,,NA,2,1
364327855,7,1,1,1,1,210,2,1,33460,27,53,121.02,2,2,5,5,1,2,108,6,,,,NA,2,1
364327855,7,1,1,1,1,211,2,1,33460,27,53,1090,2,2,5,5,1,2,127,6,,,,NA,2,1
364327855,7,1,1,1,1,181,2,1,33460,27,139,802.05,2,5,6,8,2,5,69,6,,,,NA,2,1
364327855,7,1,1,3,1,220,3,1,33460,27,163,710.15,2,2,5,5,1,2,83,6,,,,NA,2,1
364327855,7,1,1,1,1,216,2,1,33460,27,123,417,2,2,5,5,1,2,105,6,,,,NA,2,1
364327855,7,1,1,1,1,279,2,1,33460,27,123,407.03,2,2,5,5,2,2,62,6,,,,NA,2,1
364327855,7,1,1,1,1,218,2,1,33460,27,3,507.11,2,2,5,5,1,2,84,6,,,,NA,2,1
364327855,7,1,1,1,1,207,2,1,33460,27,123,422.01,2,5,5,8,1,5,57,6,,,,NA,2,1
364327855,7,1,1,1,1,361,2,1,33460,27,163,701.05,2,2,5,5,1,2,202,6,,,,NA,2,1
364327855,7,1,1,3,1,268,3,1,33460,27,163,701.06,2,5,5,8,1,5,65,6,,,,NA,2,1
364327855,7,1,1,1,1,290,2,1,33460,27,53,269.03,2,2,5,5,2,1,85,6,,,,NA,2,1
364327855,7,1,1,1,1,189,2,1,33460,27,123,323,2,1,5,5,2,1,66,6,,,,NA,2,1
364327855,7,1,1,1,1,215,2,1,33460,27,53,208.04,2,5,5,8,2,5,100,6,,,,NA,2,1
364327855,7,1,1,1,1,171,2,1,33460,27,37,607.34,2,5,5,8,1,5,80,6,,,,NA,2,1
364327855,7,1,1,1,1,190,2,1,33460,27,53,215.02,2,5,5,8,2,5,36,6,,,,NA,2,1
364327855,7,1,1,1,1,275,2,1,33460,27,53,269.09,2,2,5,5,1,2,111,6,,,,NA,2,1
364327855,7,1,1,1,1,169,2,1,33460,27,163,710.06,2,2,5,5,1,2,119,6,,,,NA,2,1
364327855,7,1,1,1,1,175,2,1,33460,27,123,426.02,2,5,5,8,1,5,72,6,,,,NA,2,1
364327855,7,1,1,3,1,124,3,1,40340,27,109,3,3,5,6,8,3,5,52,6,,,,NA,2,1
364327855,7,1,1,1,1,242,2,1,33460,27,171,1008.02,2,2,5,5,2,1,97,6,,,,NA,2,1
364327855,7,1,1,1,1,292,2,1,33460,27,37,607.31,2,5,5,8,1,5,251,6,,,,NA,2,1
364327855,7,1,1,1,1,279,2,1,NA,27,131,701,2,5,5,8,1,5,62,6,,,,NA,2,1
364327855,7,1,1,1,1,204,2,1,33460,27,37,601.01,2,2,5,5,1,2,93,6,,,,NA,2,1
364327855,7,1,1,1,1,208,2,1,33460,27,141,301.01,2,5,5,8,1,5,71,6,,,,NA,2,1
364327855,7,1,1,1,1,166,2,1,33460,27,141,304.02,2,2,5,5,1,2,63,6,,,,NA,2,1
364327855,7,1,1,3,1,405,3,1,33460,27,171,1007.03,3,3,6,6,1,2,151,6,,,,NA,2,1
364327855,7,1,1,1,1,380,2,1,33460,27,3,501.15,2,5,5,8,1,5,116,6,,,,NA,2,1
364327855,7,1,1,3,1,231,3,1,33460,27,19,910,2,2,5,5,2,1,92,6,,,,01.58,2,1
364327855,7,1,1,1,1,166,2,1,33460,27,53,211,1,2,5,5,2,1,62,6,,,,NA,2,1
364327855,7,2,1,3,1,246,3,1,33460,27,123,405.04,2,5,5,8,2,5,57,6,,,,NA,2,1
364327855,7,1,1,1,1,386,2,1,33460,27,163,703.03,1,2,5,5,1,2,131,6,,,,NA,2,1
364327855,7,2,1,1,1,147,2,1,33460,27,3,507.04,2,5,5,8,1,5,59,7,,,,NA,2,1
364327855,7,2,1,3,1,203,3,1,33460,27,3,508.18,2,2,5,5,1,2,149,7,,,,NA,2,1
364327855,7,2,1,1,1,226,2,1,33460,27,25,1104.01,2,5,5,8,1,5,64,7,,,,NA,2,1
364327855,7,1,1,1,1,258,2,1,33460,27,25,1101,2,2,5,5,1,2,206,7,,,,NA,2,1
364327855,7,2,1,1,1,202,2,1,33460,27,53,268.14,2,2,5,5,1,2,79,7,,,,NA,2,1
364327855,7,2,1,1,1,260,2,1,33460,27,139,803.01,1,2,5,5,2,1,85,7,,,,NA,2,1
364327855,7,1,1,1,1,392,2,1,33460,27,37,606.03,2,2,5,5,2,1,154,1,,,,NA,2,1
364327855,7,1,1,3,1,89,3,1,33460,27,53,1041,2,5,5,8,1,5,35,1,,,,NA,2,1
364327855,7,1,1,1,1,173,2,1,33460,27,53,240.04,2,5,2,8,2,5,70,1,,,,NA,2,1
364327855,7,1,1,1,1,133,2,1,33460,27,3,501.16,2,5,5,8,1,5,38,1,,,,NA,2,1
364327855,7,1,1,3,1,98,3,1,33460,27,37,607.28,2,5,5,8,1,5,45,1,,,,NA,2,1
364327855,7,1,1,1,1,388,2,1,33460,27,53,238.02,2,2,5,5,1,2,98,1,,,,NA,2,1
364327855,7,1,1,3,1,244,3,1,33460,27,171,1008.01,2,2,5,6,1,2,218,3,,,,NA,2,1
364327855,7,1,1,3,1,85,3,1,33460,27,59,1306,2,5,5,8,2,5,33,3,,,,NA,2,1
364327855,7,1,1,1,1,195,2,1,33460,27,139,803.02,2,2,2,2,2,1,38,3,,,,NA,2,1
364327855,7,1,1,1,1,112,2,1,33460,27,123,325,2,5,5,8,2,5,41,3,,,,NA,2,1
364327855,7,1,1,1,1,176,2,1,33460,27,3,501.15,2,5,5,8,1,5,40,3,,,,NA,2,1
364327855,7,1,1,1,1,132,2,1,33460,27,3,501.08,2,5,5,8,2,5,39,3,,,,NA,2,1
364327855,7,1,1,1,1,347,2,1,33460,27,163,710.16,2,2,5,5,2,2,132,3,,,,NA,2,1
364327855,7,1,1,1,1,323,2,1,33460,27,163,703.04,2,5,5,8,1,5,61,3,,,,NA,2,1
364327855,7,1,1,3,1,100,3,1,NA,27,91,7905,2,2,5,5,2,1,69,3,,,,NA,2,1
364327855,7,1,1,3,1,331,3,1,33460,27,3,502.25,2,2,5,5,2,1,108,3,,,,NA,2,1
364327855,7,1,1,1,1,160,2,1,33460,27,171,1001,2,5,5,8,2,5,47,3,,,,NA,2,1
364327855,7,1,1,3,1,176,3,1,33460,27,141,303,2,5,5,8,1,5,50,3,,,,NA,2,1
364327855,7,1,1,1,1,209,2,1,33460,27,53,269.06,2,2,5,5,1,1,141,3,,,,NA,2,1
364327855,7,1,1,1,1,109,2,1,33460,27,3,501.08,2,5,5,8,1,5,39,3,,,,NA,2,1
364327855,7,1,1,1,1,300,2,1,33460,27,139,803.02,2,5,5,8,1,5,141,3,,,,NA,2,1
364327855,7,1,1,1,1,276,2,1,33460,27,25,1103.02,2,2,5,5,2,1,104,3,,,,NA,2,1
364327855,7,1,1,1,1,170,2,1,33460,27,3,502.27,2,5,3,8,2,5,55,3,,,,NA,2,1
364327855,7,1,1,1,1,146,2,1,33460,27,37,607.25,2,5,5,8,2,5,60,3,,,,NA,2,1
364327855,7,1,1,1,1,183,2,1,33460,27,141,304.04,2,5,5,8,1,5,44,3,,,,NA,2,1
364327855,7,1,1,1,1,223,2,1,33460,27,163,714,2,2,5,5,1,2,79,3,,,,NA,2,1
364327855,7,3,1,1,1,335,2,1,NA,27,85,9502,2,2,5,5,1,2,106,7,,,,NA,2,1
364327855,7,3,1,1,1,240,2,1,33460,27,37,608.18,2,5,5,8,1,5,39,7,,,,NA,2,1
364327855,7,3,1,1,1,153,2,1,33460,27,139,803.01,2,5,5,8,1,5,58,2,,,,NA,2,1
364327855,7,4,1,1,1,167,2,1,NA,27,65,4803,2,5,5,8,1,5,50,7,,,,NA,2,1
364327855,7,3,1,1,1,163,2,1,33460,27,171,1008.02,2,5,5,8,1,5,83,2,,,,NA,2,1
364327855,7,3,1,1,1,345,2,1,33460,27,3,502.24,2,5,5,8,1,5,71,2,,,,NA,2,1
364327855,7,3,1,3,1,226,3,1,33460,27,59,1304,2,5,5,8,1,5,73,2,,,,NA,2,1
364327855,7,2,1,1,1,196,2,1,33460,27,163,701.06,2,2,5,5,1,2,107,2,,,,NA,2,1
364327855,7,2,1,1,1,252,2,1,33460,27,3,502.26,2,2,5,5,1,2,110,2,,,,NA,2,1
364327855,7,2,1,1,1,174,2,1,33460,27,163,702.03,2,5,3,8,2,5,40,2,,,,NA,2,1
364327855,7,2,1,1,1,241,2,1,33460,27,171,1002.04,2,2,5,5,1,2,80,2,,,,NA,2,1
364327855,7,2,1,1,1,224,2,1,33460,27,3,507.09,2,5,5,8,2,5,52,2,,,,NA,2,1
364327855,7,2,1,1,1,177,2,1,33460,27,139,809.04,2,2,5,5,2,1,102,2,,,,NA,2,1
364327855,7,2,1,1,1,193,2,1,33460,27,171,1007.02,2,5,5,8,2,5,40,2,,,,NA,2,1
364327855,7,2,1,1,1,224,2,1,33460,27,3,502.34,2,5,5,8,1,5,73,2,,,,NA,2,1
364327855,7,2,1,1,1,150,2,1,33460,27,3,506.1,2,5,5,8,2,5,37,2,,,,NA,2,1
364327855,7,2,1,1,1,179,2,1,33460,27,53,269.09,2,2,5,5,1,2,58,2,,,,NA,2,1
364327855,7,2,1,3,1,121,3,1,33460,27,163,709.06,2,5,3,8,1,5,36,2,,,,NA,2,1
364327855,7,2,1,1,1,147,2,1,33460,27,3,507.04,2,5,5,8,2,5,42,2,,,,NA,2,1
364327855,7,2,1,1,1,169,2,1,33460,27,53,268.16,2,5,2,8,1,5,53,2,,,,NA,2,1
364327855,7,2,1,1,1,176,2,1,33460,27,53,269.03,2,5,5,8,2,5,85,2,,,,NA,2,1
364327855,7,2,1,1,1,221,2,1,33460,27,3,507.07,2,5,5,8,1,5,98,2,,,,NA,2,1
364327855,7,2,1,1,1,200,2,1,33460,27,139,806,2,5,3,8,1,5,50,9,,,,NA,2,1
364327855,7,2,1,1,1,8,2,1,33460,27,53,268.16,2,5,3,8,2,5,39,9,,,,NA,2,2
364327855,7,2,1,1,1,10,2,1,33460,27,139,806,2,5,3,8,1,5,50,9,,,,NA,2,2
364327855,7,2,1,1,1,176,2,1,33460,27,53,268.16,2,5,3,8,2,5,39,9,,,,NA,2,1
364327855,7,1,1,1,1,12,2,1,33460,27,123,305,2,5,5,8,2,5,50,9,,,,NA,2,2
364327855,7,2,1,1,1,152,2,1,33460,27,123,305,2,5,5,8,2,5,50,9,,,,NA,2,1
364327855,7,1,1,3,1,262,3,1,33460,27,171,1008.02,2,5,5,8,2,5,104,7,,,,NA,2,1
364327855,7,1,1,1,1,64,2,1,33460,27,123,407.04,2,2,5,5,2,1,141,6,,,,NA,2,1
364327855,7,1,1,1,1,125,2,1,33460,27,3,508.09,2,5,2,8,1,5,38,6,,,,NA,2,1
364327855,7,1,1,1,1,216,2,1,33460,27,53,1099,2,2,5,5,1,2,107,6,,,,NA,2,1
364327855,7,1,1,1,1,300,2,1,33460,27,53,260.21,2,2,5,2,1,2,157,6,,,,NA,2,1
364327855,7,1,1,3,1,158,3,1,33460,27,53,1101,2,5,5,8,2,5,73,6,,,,NA,2,1
364327855,7,1,1,1,1,151,2,1,33460,27,171,1008.02,2,2,5,5,1,2,140,6,,,,NA,2,1
364327855,7,1,1,3,1,196,3,1,33460,27,123,422.02,2,5,5,8,1,5,62,6,,,,NA,2,1
364327855,7,1,1,3,1,122,3,1,33460,27,3,512.03,2,2,5,5,2,1,47,6,,,,NA,2,1
364327855,7,1,1,3,1,225,3,1,33460,27,123,363,2,2,5,5,1,2,98,6,,,,NA,2,1
364327855,7,1,1,3,1,250,3,1,33460,27,53,268.15,2,2,5,5,1,2,103,6,,,,NA,2,1
364327855,7,1,1,3,1,268,3,1,33460,27,141,304.03,3,3,5,5,3,2,128,6,,,,NA,2,1
364327855,7,1,1,3,1,135,3,1,33460,27,53,269.09,3,3,6,6,1,2,68,6,,,,NA,2,1
364327855,7,1,1,1,1,315,2,1,33460,27,53,1054,2,2,5,5,1,2,148,6,,,,NA,2,1
364327855,7,1,1,1,1,294,2,1,33460,27,3,502.37,2,2,5,5,1,2,125,6,,,,NA,2,1
364327855,7,3,1,3,1,221,3,1,20260,27,137,38,2,2,5,5,1,2,79,6,,,,NA,2,1
364327855,7,1,1,1,1,307,2,1,33460,27,123,301,2,2,5,5,2,1,174,6,,,,NA,2,1
364327855,7,3,1,1,1,444,2,1,33460,27,3,516,2,2,5,5,1,2,146,6,,,,NA,2,1
364327855,7,1,1,3,1,335,3,1,NA,27,113,905,2,2,5,5,1,2,138,6,,,,NA,2,1
364327855,7,3,1,1,1,179,2,1,33460,27,141,304.04,2,2,5,5,2,1,54,6,,,,NA,2,1
364327855,7,1,1,1,1,323,2,1,33460,27,53,265.09,2,2,5,5,1,2,117,6,,,,NA,2,1
364327855,7,2,1,3,1,272,3,1,33460,27,171,1008.02,2,2,5,5,1,2,81,6,,,,NA,2,1
364327855,7,1,1,1,1,322,2,1,33460,27,171,1001,2,2,5,5,1,2,124,6,,,,NA,2,1
364327855,7,2,1,1,1,239,2,1,33460,27,25,1103.01,2,2,5,5,1,2,78,6,,,,NA,2,1
364327855,7,2,1,1,1,338,2,1,33460,27,53,265.09,2,2,5,5,1,2,123,6,,,,NA,2,1
364327855,7,2,1,1,1,230,2,1,33460,27,171,1007.02,2,2,5,5,2,2,46,6,,,,NA,2,1
364327855,7,2,1,1,1,255,2,1,33460,27,25,1105.02,2,2,5,5,1,2,94,6,,,,NA,2,1
364327855,7,2,1,1,1,309,2,1,33460,27,163,701.04,2,2,5,5,1,2,112,6,,,,NA,2,1
364327855,7,2,1,1,1,205,2,1,33460,27,25,1104.01,2,2,5,5,1,2,70,6,,,,NA,2,1
364327855,7,2,1,1,1,199,2,1,33460,27,123,407.05,2,5,5,8,1,5,51,6,,,,NA,2,1
364327855,7,2,1,1,1,208,2,1,33460,27,25,1103.02,2,2,5,5,1,2,54,6,,,,NA,2,1
364327855,7,2,1,1,1,120,2,1,NA,27,65,4804,2,5,5,8,1,5,44,6,,,,NA,2,1
364327855,7,1,1,1,1,105,2,3,33460,27,123,425.03,1,5,5,8,1,5,18,0,3,5,,NA,2,1
364327855,7,1,1,3,1,260,3,3,33460,27,163,701.05,2,2,5,5,2,1,97,0,3,,,NA,2,1
364327855,7,3,1,1,1,320,2,3,33460,27,53,269.06,2,5,5,8,2,5,47,0,2,,,NA,2,1
364327855,7,2,1,1,1,280,2,3,40340,27,109,14.02,2,5,5,8,2,5,119,0,3,,,NA,2,1
364327855,7,1,1,1,1,165,2,3,33460,27,53,252.05,1,5,5,8,1,5,51,0,2,9,,NA,2,1
364327855,7,2,1,3,1,148,3,3,20260,27,17,701,2,5,5,8,1,5,50,0,1,,,NA,2,1
364327855,7,1,1,3,1,468,3,1,33460,27,163,710.18,2,3,5,6,1,2,260,6,,,,NA,2,1
364327855,7,1,1,1,1,337,2,1,33460,27,53,267.13,2,5,5,8,1,5,109,6,,,,NA,2,1
364327855,7,1,1,1,1,278,2,1,33460,27,53,269.09,3,3,5,6,2,2,197,6,,,,NA,2,1
364327855,7,1,1,3,1,103,3,1,33460,27,79,9501,3,3,6,6,3,3,92,6,,,,NA,2,1
364327855,7,1,1,1,1,266,2,1,33460,27,3,502.37,2,2,5,5,1,2,75,6,,,,NA,2,1
364327855,7,1,1,1,1,256,2,1,33460,27,141,303,2,5,5,8,1,5,66,6,,,,NA,2,1
364327855,7,1,1,1,1,149,2,1,NA,27,65,4803,2,5,5,8,1,5,58,6,,,,NA,2,1
364327855,7,1,1,1,1,173,2,1,33460,27,25,1104.01,2,5,5,8,1,5,63,6,,,,NA,2,1
364327855,7,1,1,3,1,276,3,1,33460,27,163,701.06,2,2,5,5,1,2,118,6,,,,NA,2,1
364327855,7,1,1,1,1,165,2,1,33460,27,3,507.09,3,5,5,8,1,5,47,6,,,,NA,2,1
364327855,7,1,1,1,1,424,2,1,33460,27,37,607.16,2,5,5,8,1,5,180,6,,,,NA,2,1
364327855,7,1,1,1,1,260,2,1,33460,27,171,1008.02,2,2,5,5,1,2,110,6,,,,NA,2,1
364327855,7,1,1,1,1,270,2,1,33460,27,53,1093,2,5,5,8,2,5,100,6,,,,NA,2,1
364327855,7,1,1,1,1,200,2,1,33460,27,53,1012,2,5,5,8,2,5,45,6,,,,NA,2,1
364327855,7,1,1,1,1,202,2,1,33460,27,3,502.21,2,2,5,5,1,2,69,6,,,,NA,2,1
364327855,7,1,1,1,1,168,2,1,33460,27,123,368,2,2,5,5,1,2,114,6,,,,NA,2,1
364327855,7,1,1,1,1,184,2,1,33460,27,53,208.01,2,5,5,8,2,5,59,6,,,,NA,2,1
364327855,7,1,1,3,1,220,3,1,33460,27,37,608.25,2,2,5,5,1,2,134,6,,,,NA,2,1
364327855,7,1,1,1,1,237,2,1,33460,27,19,908,2,5,5,8,2,5,93,6,,,,NA,2,1
364327855,7,1,1,3,1,199,3,1,33460,27,53,258.02,2,2,5,5,1,2,117,6,,,,NA,2,1
364327855,7,1,1,1,1,170,2,1,33460,27,53,1007,2,5,5,8,1,5,114,6,,,,NA,2,1
364327855,7,1,1,1,1,208,2,1,33460,27,123,412,2,2,5,5,2,1,43,6,,,,NA,2,1
364327855,7,1,1,1,1,315,2,1,33460,27,53,268.22,2,5,2,8,1,5,121,6,,,,NA,2,1
364327855,7,1,1,1,1,218,2,1,33460,27,53,209.03,2,2,5,5,1,2,86,6,,,,NA,2,1
364327855,7,1,1,3,1,180,3,1,33460,27,25,1104.02,2,2,5,5,1,2,97,6,,,,NA,2,1
364327855,7,1,1,1,1,264,2,1,33460,27,37,610.09,1,5,5,8,2,5,86,6,,,,NA,2,1
364327855,7,1,1,1,1,208,2,1,33460,27,53,1102,2,5,5,8,1,5,79,6,,,,NA,2,1
364327855,7,1,1,1,1,70,2,1,33460,27,123,342.02,2,5,5,8,1,5,59,6,,,,NA,2,1
364327855,7,1,1,1,1,235,2,1,33460,27,123,407.03,2,5,5,8,1,5,100,6,,,,NA,2,1
364327855,7,1,1,1,1,130,2,1,33460,27,59,1303.02,2,2,5,5,1,2,110,6,,,,NA,2,1
364327855,7,1,1,1,1,220,2,1,33460,27,171,1001,2,5,5,8,1,5,73,6,,,,NA,2,1
364327855,7,1,1,1,1,137,2,1,33460,27,163,701.06,2,5,5,8,1,5,61,6,,,,NA,2,1
364327855,7,1,1,1,1,320,2,1,NA,27,65,4802,2,5,5,8,1,5,283,6,,,,NA,2,1
364327855,7,1,1,1,1,204,2,1,33460,27,141,305.02,2,2,5,5,2,1,96,6,,,,NA,2,1
364327855,7,2,1,1,1,118,2,1,33460,27,171,1012,2,5,5,8,2,5,49,7,,,,NA,2,1
364327855,7,4,1,1,1,152,2,1,NA,27,67,7810,2,5,5,8,2,5,69,7,,,,NA,2,1
364327855,7,2,1,3,1,138,3,1,33460,27,3,515.02,3,5,6,8,1,5,38,7,,,,NA,2,1
364327855,7,1,1,1,1,157,2,1,33460,27,3,508.18,2,2,5,5,1,2,90,1,,,,NA,2,1
364327855,7,1,1,1,1,144,2,1,NA,27,115,9507,2,2,5,5,2,1,59,1,,,,NA,2,1
364327855,7,1,1,1,1,334,2,1,33460,27,53,261.01,2,5,5,8,1,5,72,1,,,,NA,2,1
364327855,7,1,1,3,1,84,3,1,NA,27,35,9501,2,5,5,8,1,5,31,3,,,,NA,2,1
364327855,7,1,1,1,1,97,2,1,33460,27,53,1040,2,2,5,5,1,2,59,3,,,,NA,2,1
364327855,7,1,1,3,1,150,3,1,33460,27,123,353,2,2,5,5,2,1,115,3,,,,NA,2,1
364327855,7,1,1,1,1,212,2,1,33460,27,123,403.01,2,2,5,1,2,1,147,3,,,,NA,2,1
364327855,7,1,1,3,1,246,3,1,33460,27,3,501.15,2,2,5,5,2,1,94,3,,,,NA,2,1
364327855,7,1,1,3,1,312,3,1,33460,27,141,305.04,3,3,6,6,3,3,110,3,,,,NA,2,1
364327855,7,1,1,1,1,189,2,1,33460,27,53,267.1,2,5,5,8,2,5,38,3,,,,NA,2,1
364327855,7,1,1,1,1,275,2,1,33460,27,53,1076,2,5,5,8,2,5,110,3,,,,NA,2,1
364327855,7,1,1,1,1,113,2,1,20260,27,17,701,2,2,5,5,1,2,52,3,,,,NA,2,1
364327855,7,1,1,1,1,424,2,1,33460,27,3,516,2,5,5,8,2,5,330,3,,,,NA,2,1
364327855,7,1,1,1,1,264,2,1,33460,27,3,502.21,2,2,5,5,2,1,106,3,,,,NA,2,1
364327855,7,1,1,3,1,198,3,1,33460,27,3,502.1,2,5,5,8,1,5,64,3,,,,NA,2,1
364327855,7,1,1,1,1,220,2,1,33460,27,53,1002,2,2,5,5,1,2,174,3,,,,NA,2,1
364327855,7,1,1,3,1,343,3,1,33460,27,53,267.15,2,5,5,8,1,5,146,3,,,,NA,2,1
364327855,7,1,1,3,1,179,3,1,33460,27,123,338,2,5,5,8,2,5,99,3,,,,NA,2,1
364327855,7,1,1,1,1,342,2,1,33460,27,163,710.15,2,5,5,8,1,5,88,3,,,,NA,2,1
364327855,7,1,1,1,1,271,2,1,33460,27,53,276.02,2,2,5,5,2,1,76,3,,,,NA,2,1
364327855,7,1,1,1,1,242,2,1,33460,27,3,502.26,2,5,5,8,2,5,59,3,,,,NA,2,1
364327855,7,1,1,1,1,194,2,1,33460,27,53,269.09,2,2,5,5,1,2,65,3,,,,NA,2,1
364327855,7,1,1,1,1,178,2,1,33460,27,3,508.21,2,5,5,8,1,5,45,3,,,,NA,2,1
364327855,7,1,1,1,1,131,2,1,33460,27,3,501.08,2,5,5,8,1,5,45,3,,,,01.53,2,1
364327855,7,1,1,1,1,175,2,1,33460,27,139,812,2,5,5,8,2,5,43,3,,,,NA,2,1
364327855,7,1,1,1,1,151,2,1,33460,27,123,333,2,5,3,8,1,5,86,3,,,,01.65,2,1
364327855,7,1,1,1,1,172,2,1,33460,27,37,601.01,2,2,5,5,2,1,67,3,,,,NA,2,1
364327855,7,1,1,1,1,86,2,1,41060,27,145,8.01,2,5,5,8,2,5,50,3,,,,01.63,2,1
364327855,7,1,1,1,1,174,2,1,NA,27,65,4804,2,5,5,8,2,5,62,3,,,,NA,2,1
364327855,7,1,1,1,1,116,2,1,20260,27,137,34,2,5,5,8,1,5,33,3,,,,NA,2,1
364327855,7,2,1,1,1,181,2,1,40340,27,109,18,2,5,5,8,2,5,63,7,,,,NA,2,1
364327855,7,2,1,1,1,225,2,1,33460,27,53,252.05,1,5,5,8,1,5,53,2,,,,NA,2,1
364327855,7,2,1,1,1,124,2,1,NA,27,67,7807,2,5,5,8,1,5,51,2,,,,01.69,2,1
364327855,7,3,1,1,1,233,2,1,33460,27,3,502.21,2,2,5,5,1,2,81,2,,,,NA,2,1
364327855,7,3,1,3,1,274,3,1,33460,27,123,349,2,2,5,5,1,2,71,2,,,,NA,2,1
364327855,7,3,1,3,1,207,3,1,33460,27,163,701.03,2,2,5,5,1,2,38,2,,,,NA,2,1
364327855,7,2,1,1,1,299,2,1,33460,27,141,305.04,2,5,5,8,2,5,84,2,,,,NA,2,1
364327855,7,1,1,1,1,8,2,1,33460,27,163,701.04,2,5,5,8,2,5,40,9,,,,NA,2,2
364327855,7,2,1,1,1,220,2,1,33460,27,163,701.04,2,5,5,8,2,5,40,9,,,,NA,2,1
364327855,7,1,1,1,1,8,2,1,33460,27,123,335,1,5,5,8,1,5,32,9,,,,NA,2,2
364327855,7,1,1,1,1,108,2,1,33460,27,123,335,1,5,5,8,1,5,32,9,,,,NA,2,1
364327855,7,1,1,1,1,8,2,1,33460,27,139,809.04,2,5,5,8,2,5,43,9,,,,NA,2,2
364327855,7,1,1,1,1,186,2,1,33460,27,139,809.04,2,5,5,8,2,5,43,9,,,,NA,2,1
364327855,7,1,1,1,1,10,2,1,33460,27,163,701.05,2,2,5,5,1,2,45,9,,,,NA,2,2
364327855,7,1,1,1,1,225,2,1,33460,27,163,701.05,2,2,5,5,1,2,45,9,,,,NA,2,1
364327855,7,2,1,1,1,220,2,1,33460,27,3,506.1,2,2,2,2,2,2,54,9,,,,NA,2,1
364327855,7,1,1,1,1,12,2,1,33460,27,3,506.1,2,2,2,2,2,2,54,9,,,,NA,2,2
364327855,7,1,1,3,1,120,3,1,33460,27,53,267.15,2,2,5,5,1,2,114,7,,,,NA,2,1
364327855,7,1,1,3,1,234,3,1,33460,27,53,249.02,2,5,5,8,1,5,79,6,,,,NA,2,1
364327855,7,1,1,3,1,172,3,1,33460,27,171,1010,2,5,5,8,1,5,71,6,,,,NA,2,1
364327855,7,1,1,1,1,232,2,1,33460,27,123,349,2,2,5,5,1,2,62,6,,,,NA,2,1
364327855,7,2,1,1,1,171,2,1,33460,27,163,702.03,2,5,5,8,1,5,40,6,,,,NA,2,1
364327855,7,2,1,1,1,234,2,1,33460,27,53,222,2,2,5,5,2,1,61,6,,,,NA,2,1
364327855,7,1,1,1,1,160,2,1,33460,27,3,506.02,2,5,3,8,1,5,46,6,,,,NA,2,1
364327855,7,2,1,1,1,270,2,1,33460,27,53,269.09,2,2,5,5,1,2,90,6,,,,NA,2,1
364327855,7,1,1,3,1,128,3,1,NA,27,161,7903,2,5,5,8,1,5,40,6,,,,01.55,2,1
364327855,7,2,1,1,1,167,2,1,33460,27,163,701.03,2,5,5,8,1,5,50,6,,,,NA,2,1
364327855,7,2,1,1,1,218,2,1,33460,27,139,813,2,2,5,5,2,1,85,6,,,,NA,2,1
364327855,7,3,1,1,1,434,2,1,33460,27,53,267.14,2,2,5,5,1,2,147,6,,,,NA,2,1
364327855,7,2,1,1,1,192,2,1,33460,27,171,1011,2,5,5,8,1,5,35,6,,,,NA,2,1
364327855,7,2,1,1,1,292,2,1,33460,27,171,1001,2,2,5,5,1,2,136,6,,,,NA,2,1
364327855,7,1,1,1,1,187,2,1,33460,27,53,268.22,2,5,5,8,2,5,52,6,,,,NA,2,1
364327855,7,2,1,1,1,245,2,1,33460,27,3,502.26,2,2,5,5,1,2,71,6,,,,NA,2,1
364327855,7,1,1,1,1,150,2,1,33460,27,123,322,2,2,5,5,1,2,133,6,,,,NA,2,1
364327855,7,2,1,1,1,129,2,1,33460,27,123,313,2,5,5,8,2,5,28,6,,,,NA,2,1
364327855,7,2,1,1,1,206,2,1,33460,27,171,1002.04,2,5,5,8,1,5,66,6,,,,NA,2,1
364327855,7,1,1,1,1,164,2,1,33460,27,163,701.03,2,5,5,8,1,5,50,6,,,,NA,2,1
364327855,7,2,1,1,1,214,2,1,33460,27,53,6.03,2,2,5,5,2,2,129,6,,,,NA,2,1
364327855,7,2,1,1,1,162,2,1,33460,27,171,1001,2,5,5,8,2,5,100,6,,,,NA,2,1
364327855,7,2,1,1,1,174,2,1,33460,27,123,346.02,2,5,3,8,2,5,46,6,,,,NA,2,1
364327855,7,3,1,1,1,236,2,1,33460,27,123,418,2,2,5,4,1,2,95,6,,,,NA,2,1
364327855,7,1,1,1,1,314,2,1,33460,27,37,608.21,2,2,5,5,1,2,121,6,,,,NA,2,1
364327855,7,2,1,1,1,172,2,1,33460,27,171,1011,2,2,5,5,1,2,84,6,,,,NA,2,1
364327855,7,2,1,1,1,192,2,1,33460,27,25,1105.02,2,5,5,8,1,5,39,6,,,,NA,2,1
364327855,7,2,1,1,1,213,2,1,33460,27,53,6.01,2,2,5,5,2,3,67,6,,,,NA,2,1
364327855,7,1,1,1,1,250,2,1,33460,27,3,507.11,2,2,5,5,1,2,59,6,,,,NA,2,1
364327855,7,1,1,3,1,205,3,3,33460,27,139,803.02,3,3,5,5,2,1,43,0,3,,,NA,2,1
364327855,7,2,1,3,1,123,3,3,NA,27,153,7907,3,3,6,6,3,3,24,0,3,,,NA,2,1
364327855,7,1,1,3,1,150,3,3,33460,27,53,32,2,5,3,8,1,5,38,0,3,,,NA,2,1
364327855,7,1,1,3,1,121,3,3,33460,27,79,9503,2,5,5,8,2,5,60,0,3,,,NA,2,1
364327855,7,2,1,1,1,180,2,3,40340,27,109,14.01,2,5,2,8,2,5,72,0,3,,,NA,2,1
364327855,7,2,1,1,1,123,2,3,33460,27,53,268.1,3,2,6,3,1,2,53,0,1,,,NA,2,1
364327855,7,1,1,3,1,15,3,3,33460,27,53,1102,3,5,5,8,2,5,28,0,9,,,NA,2,1
364327855,7,1,1,3,1,165,3,3,33460,27,123,346.02,2,2,2,2,1,2,50,0,1,,,NA,2,1
364327855,7,2,1,1,1,127,2,3,NA,27,85,9503,2,5,5,8,2,5,51,0,5,,,NA,2,1
364327855,7,1,1,3,1,382,3,3,33460,27,53,272.03,3,5,6,8,3,5,30,0,3,,,NA,2,1
364327855,7,1,1,3,1,103,3,3,NA,27,111,9605,3,5,5,8,1,5,21,0,3,,,NA,2,1
364327855,7,1,1,3,1,115,3,3,33460,27,171,1002.04,3,5,6,8,1,5,,0,3,,,NA,2,1
364327855,7,1,1,3,1,190,3,3,33460,27,53,1067,2,5,5,8,1,5,3,0,3,,,NA,2,1
364327855,7,1,1,1,1,166,2,3,33460,27,53,242,1,5,5,8,1,5,39,0,1,9,,NA,2,1
364327855,7,1,1,3,1,82,3,3,NA,27,41,4501,3,5,5,8,1,5,65,0,3,,,NA,2,1
364327855,7,1,1,1,1,96,2,3,33460,27,37,607.48,2,5,3,8,2,5,48,0,6,4,,NA,2,1
364327855,7,2,1,1,1,191,2,1,33460,27,3,506.02,2,2,5,5,2,1,95,2,,,,01.63,2,1
364327855,7,1,1,1,1,214,2,1,33460,27,37,608.13,2,5,5,8,1,5,78,3,,,,NA,2,1
364327855,7,1,1,3,1,300,3,1,33460,27,3,502.15,2,5,5,8,2,5,70,6,,,,NA,2,1
364327855,7,1,1,1,1,227,2,1,33460,27,37,609.02,2,5,5,8,1,5,86,6,,,,NA,2,1
364327855,7,2,1,1,1,178,2,1,33460,27,139,802.03,2,5,2,8,1,5,36,2,,,,NA,2,1
364327855,7,1,1,1,1,275,2,1,33460,27,3,502.24,2,5,5,8,1,5,69,3,,,,NA,2,1
364327855,7,1,1,1,1,198,2,1,33460,27,3,508.05,2,2,5,4,1,2,89,6,,,,NA,2,1
364327855,7,1,1,3,1,147,3,1,33460,27,53,208.01,2,5,5,8,2,5,43,6,,,,NA,2,1
364327855,7,1,1,1,1,196,2,1,33460,27,139,813,2,5,5,8,1,5,83,6,,,,NA,2,1
364327855,7,1,1,1,1,309,2,1,33460,27,53,83,2,5,5,8,2,5,78,6,,,,NA,2,1
364327855,7,2,1,3,1,224,3,1,33460,27,37,607.11,2,2,5,5,1,2,123,2,,,,NA,2,1
364327855,7,2,1,3,1,156,3,1,33460,27,139,810,2,5,5,8,2,5,36,2,,,,01.66,2,1
364327855,7,1,1,1,1,218,2,1,33460,27,53,215.04,2,5,5,8,1,5,72,3,,,,NA,2,1
364327855,7,1,1,1,1,396,2,1,33460,27,53,1064,2,2,5,5,2,1,251,6,,,,NA,2,1
364327855,7,1,1,1,1,176,2,1,33460,27,123,359,2,2,5,5,2,1,56,3,,,,NA,2,1
364327855,7,1,1,3,1,118,3,1,33460,27,53,267.08,2,5,5,8,2,5,43,6,,,,NA,2,1
364327855,7,1,1,1,1,194,2,1,33460,27,163,701.03,2,2,5,5,1,2,72,6,,,,NA,2,1
364327855,7,2,1,1,1,157,2,1,33460,27,25,1105.02,2,2,5,5,1,2,102,2,,,,02.28,2,1
364327855,7,1,1,1,1,160,2,1,33460,27,53,214,2,2,5,5,1,2,39,3,,,,NA,2,1
364327855,7,2,1,1,1,260,2,1,NA,27,61,4808.02,2,1,5,5,1,2,121,7,,,,NA,2,1
364327855,7,1,1,1,1,115,2,1,33460,27,3,502.26,2,2,5,5,1,2,31,3,,,,NA,2,1
364327855,7,1,1,3,1,118,3,1,33460,27,37,607.45,2,5,5,8,2,5,98,6,,,,NA,2,1
364327855,7,1,1,1,1,65,2,1,33460,27,37,611.07,2,2,5,5,1,2,27,3,,,,NA,2,1
364327855,7,1,1,1,1,359,2,1,33460,27,3,501.09,2,5,5,8,1,5,92,6,,,,NA,2,1
364327855,7,1,1,1,1,261,2,1,33460,27,123,406.04,2,5,5,8,1,5,191,6,,,,NA,2,1
364327855,7,4,1,1,1,160,2,1,33460,27,95,1707,2,5,5,8,1,5,40,6,,,,NA,2,1
364327855,7,1,1,1,1,369,2,1,33460,27,53,234,2,5,5,8,1,5,107,1,,,,NA,2,1
364327855,7,3,1,1,1,127,2,1,41060,27,145,104.02,2,5,5,8,1,5,56,6,,,,NA,2,1
364327855,7,1,1,3,1,160,3,1,33460,27,53,267.02,2,2,5,5,1,2,48,6,,,,NA,2,1
364327855,7,1,1,1,1,8,2,1,33460,27,3,514,1,5,5,8,1,5,34,9,,,,NA,2,2
364327855,7,2,1,1,1,197,2,1,33460,27,3,514,1,5,5,8,1,5,34,9,,,,NA,2,1
364327855,7,3,1,1,1,171,2,1,33460,27,3,509.02,2,2,5,5,1,2,59,2,,,,NA,2,1
364327855,7,2,1,1,1,241,2,1,33460,27,19,903.01,2,5,5,8,1,5,59,2,,,,NA,2,1
364327855,7,1,1,1,1,420,2,1,33460,27,53,266.13,2,5,5,8,2,5,199,3,,,,NA,2,1
364327855,7,2,1,1,1,235,2,1,33460,27,171,1001,2,2,5,5,1,2,248,6,,,,01.64,2,1
364327855,7,1,1,3,1,131,3,1,33460,27,3,506.07,2,5,5,8,1,5,50,6,,,,NA,2,1
364327855,7,1,1,1,1,225,2,1,33460,27,139,807,2,5,2,8,1,5,42,3,,,,NA,2,1
364327855,7,1,1,1,1,185,2,1,33460,27,53,1101,2,5,5,8,1,5,95,7,,,,NA,2,1
364327855,7,1,1,3,1,183,3,1,33460,27,139,808,2,5,5,8,1,5,52,6,,,,NA,2,1
364327855,7,1,1,1,1,235,2,1,33460,27,141,304.02,2,5,5,8,1,5,66,3,,,,NA,2,1
364327855,7,1,1,1,1,153,2,1,33460,27,123,310,2,5,5,8,2,5,42,3,,,,NA,2,1
364327855,7,1,1,1,1,223,2,1,33460,27,171,1008.02,2,2,5,5,2,1,69,3,,,,NA,2,1
364327855,7,1,1,1,1,212,2,1,33460,27,25,1101,2,5,5,8,1,5,75,3,,,,NA,2,1
364327855,7,1,1,1,1,80,2,1,33460,27,53,267.1,2,2,5,5,1,2,63,3,,,,NA,2,1
364327855,7,1,1,1,1,424,2,1,33460,27,123,401,2,5,5,8,2,5,171,3,,,,NA,2,1
364327855,7,1,1,1,1,262,2,1,33460,27,171,1001,2,5,5,8,1,5,66,6,,,,NA,2,1
364327855,7,2,1,3,1,118,3,1,33460,27,79,9503,2,5,5,8,1,5,53,6,,,,NA,2,1
364327855,7,2,1,1,1,304,2,1,33460,27,123,302.01,2,2,5,5,1,2,88,6,,,,NA,2,1
364327855,7,1,1,3,1,157,3,1,33460,27,37,608.26,3,5,6,8,1,5,129,7,,,,NA,2,1
364327855,7,1,1,1,1,288,2,1,33460,27,37,608.26,2,2,5,5,2,1,78,6,,,,NA,2,1
364327855,7,1,1,1,1,218,2,1,33460,27,53,1261,2,5,2,8,2,5,85,6,,,,NA,2,1
364327855,7,1,1,1,1,188,2,1,33460,27,171,1008.02,2,5,5,8,1,5,48,3,,,,NA,2,1
364327855,7,3,1,1,1,301,2,1,33460,27,53,268.23,2,5,2,8,1,5,66,6,,,,NA,2,1
364327855,7,2,1,1,1,134,2,1,NA,27,65,4801,2,5,5,8,1,5,48,2,,,,NA,2,1
364327855,7,1,1,1,1,155,2,1,33460,27,3,512.06,2,5,5,8,1,5,29,3,,,,NA,2,1
364327855,7,1,1,1,1,74,2,1,33460,27,37,607.49,2,5,5,8,1,5,55,3,,,,NA,2,1
364327855,7,4,1,1,1,222,2,1,33460,27,59,1305.02,2,2,5,5,1,2,80,7,,,,NA,2,1
364327855,7,1,1,1,1,337,2,1,33460,27,163,710.17,2,5,5,8,1,5,109,6,,,,NA,2,1
364327855,7,1,1,1,1,288,2,1,33460,27,19,904.01,2,5,5,8,1,5,115,6,,,,NA,2,1
364327855,7,2,1,1,1,7,2,1,33460,27,37,610.09,2,2,5,5,1,2,75,9,,,,NA,2,2
364327855,7,2,1,1,1,194,2,1,33460,27,37,610.09,2,2,5,5,1,2,75,9,,,,NA,2,1
364327855,7,1,1,3,1,139,3,1,NA,27,65,4802,2,2,5,5,1,2,108,6,,,,NA,2,1
364327855,7,1,1,1,1,292,2,1,33460,27,53,262.08,2,5,5,8,2,5,83,6,,,,NA,2,1
364327855,7,1,1,3,1,107,3,1,33460,27,53,267.13,2,5,5,8,2,5,41,6,,,,NA,2,1
364327855,7,1,1,1,1,225,2,1,33460,27,53,224,2,5,5,8,1,5,118,3,,,,NA,2,1
364327855,7,1,1,1,1,384,2,1,33460,27,53,266.11,2,5,5,8,1,5,185,6,,,,NA,2,1
364327855,7,2,1,1,1,142,2,1,33460,27,53,240.04,2,5,5,8,2,5,31,2,,,,01.59,2,1
364327855,7,1,1,1,1,260,2,1,33460,27,163,701.04,2,5,5,8,1,5,102,6,,,,NA,2,1
364327855,7,1,1,1,1,358,2,1,33460,27,163,707.01,2,2,5,5,1,2,141,6,,,,NA,2,1
364327855,7,1,1,1,1,12,2,1,33460,27,123,411.04,2,5,5,8,1,5,51,9,,,,NA,2,2
364327855,7,1,1,1,1,184,2,1,33460,27,123,411.04,2,5,5,8,1,5,51,9,,,,NA,2,1
364327855,7,1,1,1,1,424,2,1,33460,27,53,262.06,1,5,5,8,1,5,170,6,,,,NA,2,1
364327855,7,1,1,1,1,316,2,1,NA,27,65,4804,2,5,5,8,2,5,64,3,,,,NA,2,1
364327855,7,1,1,1,1,145,2,1,33460,27,53,269.06,2,5,5,8,2,5,43,3,,,,NA,2,1
364327855,7,1,1,1,1,204,2,1,33460,27,163,701.03,2,5,5,8,1,5,90,6,,,,NA,2,1
364327855,7,1,1,1,1,306,2,1,33460,27,163,701.05,2,2,5,5,1,2,105,6,,,,NA,2,1
364327855,7,1,1,1,1,182,2,1,33460,27,53,260.14,2,2,5,5,1,2,121,6,,,,NA,2,1
364327855,7,2,1,1,1,266,2,1,33460,27,171,1008.01,2,5,3,8,1,5,63,6,,,,NA,2,1
364327855,7,1,1,1,1,200,2,1,NA,27,165,9503,2,2,5,5,1,2,61,6,,,,NA,2,1
364327855,7,1,1,1,1,302,2,1,33460,27,3,506.09,2,5,5,8,1,5,196,3,,,,NA,2,1
364327855,7,2,1,1,1,84,2,1,33460,27,53,1008,2,5,1,8,1,5,33,2,,,,02.41,2,1
364327855,7,1,1,1,1,77,2,1,40340,27,157,4903,2,5,5,8,2,5,36,3,,,,01.58,2,1
364327855,7,1,1,1,1,174,2,1,33460,27,53,1005,2,5,5,8,1,5,61,6,,,,NA,2,1
364327855,7,1,1,3,1,226,3,1,33460,27,53,217,2,5,5,8,2,5,105,1,,,,NA,2,1
364327855,7,1,1,1,1,203,2,1,33460,27,53,215.02,2,5,5,8,2,5,62,3,,,,NA,2,1
364327855,7,3,1,1,1,469,2,1,33460,27,53,277,2,2,3,3,2,1,195,2,,,,NA,2,1
364327855,7,1,1,1,1,8,2,1,33460,27,123,316,2,2,5,3,1,2,85,9,,,,NA,2,2
364327855,7,2,1,1,1,221,2,1,33460,27,123,316,2,2,5,3,1,2,85,9,,,,NA,2,1
364327855,7,1,1,1,1,8,2,1,33460,27,53,216.01,1,1,5,5,2,2,79,9,,,,NA,2,2
364327855,7,2,1,1,1,167,2,1,33460,27,53,216.01,1,1,5,5,2,2,79,9,,,,NA,2,1
364327855,7,2,1,1,1,200,2,1,33460,27,53,254.01,2,5,5,8,1,5,45,6,,,,NA,2,1
364327855,7,2,1,1,1,168,2,1,33460,27,53,276.01,2,5,5,8,2,5,33,6,,,,NA,2,1
364327855,7,2,1,1,1,194,2,1,33460,27,53,215.03,2,2,5,2,1,2,72,2,,,,01.68,2,1
364327855,7,2,1,1,1,165,2,1,33460,27,37,605.09,2,5,5,8,2,5,77,2,,,,NA,2,1
364327855,7,2,1,1,1,169,2,1,33460,27,3,505.04,2,5,5,8,2,5,50,2,,,,01.88,2,1
364327855,7,1,1,1,1,551,2,1,33460,27,53,266.13,2,2,5,5,2,1,272,6,,,,NA,2,1
364327855,7,1,1,1,1,75,2,1,33460,27,3,508.16,2,2,5,5,1,2,39,3,,,,NA,2,1
364327855,7,1,1,1,1,480,2,1,31860,27,13,1702,2,2,5,5,1,2,154,7,,,,NA,2,1
364327855,7,1,1,1,1,134,2,1,33460,27,123,307.03,2,2,3,3,1,2,42,9,,,,NA,2,1
364327855,7,1,1,1,1,127,2,1,33460,27,139,809.04,2,5,5,8,1,5,42,6,,,,NA,2,1
364327855,7,2,1,1,1,196,2,1,33460,27,3,507.02,2,2,5,5,1,2,54,6,,,,NA,2,1
364327855,7,2,1,1,1,241,2,1,NA,27,83,3601,2,5,5,8,2,5,98,6,,,,NA,2,1
364327855,7,1,1,1,1,344,2,1,33460,27,171,1008.02,2,5,5,8,2,5,88,6,,,,NA,2,1
364327855,7,1,1,1,1,12,2,1,33460,27,123,307.03,2,2,3,3,1,2,42,9,,,,NA,2,2
364327855,7,1,1,3,1,276,3,1,33460,27,53,245,2,5,5,8,1,5,83,6,,,,NA,2,1
364327855,7,1,1,1,1,424,2,1,33460,27,139,809.06,2,2,5,5,2,1,121,3,,,,NA,2,1
364327855,7,1,1,1,1,402,2,1,33460,27,163,703.04,2,5,5,8,1,5,99,6,,,,NA,2,1
364327855,7,2,1,3,1,333,3,1,33460,27,3,502.35,2,5,5,8,1,5,81,6,,,,NA,2,1
364327855,7,1,1,1,1,600,2,1,33460,27,53,264.04,2,5,5,8,1,5,251,6,,,,NA,2,1
364327855,7,3,1,1,1,424,2,1,33460,27,163,711.02,2,5,5,8,1,5,275,2,,,,NA,2,1
364327855,7,2,1,1,1,229,2,1,33460,27,171,1008.01,2,2,5,5,2,1,53,2,,,,NA,2,1
364327855,7,2,1,1,1,211,2,1,33460,27,53,261.04,2,2,5,5,2,1,151,6,,,,NA,2,1
364327855,7,3,1,1,1,250,2,1,NA,27,85,9504,2,2,5,5,1,2,80,6,,,,NA,2,1
364327855,7,3,1,1,1,245,2,1,33460,27,37,607.09,2,2,5,5,1,2,55,6,,,,NA,2,1
364327855,7,1,1,3,1,305,3,1,33460,27,53,266.13,2,2,5,5,1,2,131,3,,,,NA,2,1
364327855,7,1,1,1,1,100,2,1,33460,27,53,259.06,2,5,5,8,2,5,47,6,,,,NA,2,1
364327855,7,2,1,1,1,152,2,1,33460,27,163,701.06,2,5,5,8,1,5,59,6,,,,NA,2,1
364327855,7,1,1,1,1,237,2,1,33460,27,25,1105.02,2,5,5,8,1,5,64,6,,,,NA,2,1
364327855,7,1,1,1,1,424,2,1,33460,27,3,508.21,2,5,5,8,1,5,313,6,,,,NA,2,1
364327855,7,1,1,1,1,259,2,1,33460,27,53,269.09,2,2,5,5,2,1,129,6,,,,NA,2,1
364327855,7,1,1,1,1,307,2,1,33460,27,123,406.01,2,5,5,8,2,5,77,6,,,,NA,2,1
364327855,7,1,1,3,1,282,3,1,33460,27,123,365,2,2,5,5,1,2,111,3,,,,NA,2,1
364327855,7,1,1,1,1,290,2,1,33460,27,59,1303.01,2,5,5,8,1,5,84,6,,,,NA,2,1
364327855,7,1,1,1,1,201,2,1,33460,27,53,210.01,2,5,5,8,2,5,62,6,,,,NA,2,1
364327855,7,1,1,3,1,324,3,1,33460,27,53,218,2,2,5,5,1,2,105,6,,,,NA,2,1
364327855,7,1,1,1,1,350,2,1,33460,27,123,411.06,2,2,5,5,2,1,125,3,,,,NA,2,1
364327855,7,4,1,1,1,202,2,1,33460,27,25,1105.01,2,5,5,8,1,5,65,7,,,,NA,2,1
364327855,7,1,1,3,1,141,3,1,33460,27,53,1116,2,2,5,5,2,2,56,6,,,,NA,2,1
364327855,7,4,1,1,1,288,2,1,33460,27,139,812,2,5,5,8,1,5,87,7,,,,NA,2,1
364327855,7,1,1,1,1,67,2,1,33460,27,37,607.14,2,2,5,5,1,1,108,3,,,,NA,2,1
364327855,7,2,1,1,1,328,2,1,33460,27,163,710.03,2,2,5,5,1,2,139,2,,,,NA,2,1
364327855,7,1,1,1,1,445,2,1,33460,27,53,239.03,2,5,5,8,1,5,235,6,,,,NA,2,1
364327855,7,1,1,3,1,296,3,1,33460,27,25,1104.01,2,2,5,5,1,2,69,6,,,,NA,2,1
364327855,7,1,1,1,1,149,2,1,33460,27,141,301.01,2,5,5,8,1,5,75,6,,,,NA,2,1
364327855,7,1,1,1,1,334,2,1,33460,27,163,701.06,2,2,5,5,1,2,140,6,,,,NA,2,1
364327855,7,1,1,1,1,299,2,1,33460,27,53,265.05,2,2,5,5,2,1,142,6,,,,NA,2,1
364327855,7,1,1,3,1,287,3,1,33460,27,139,803.02,2,2,5,5,2,1,116,6,,,,NA,2,1
364327855,7,1,1,1,1,265,2,1,33460,27,53,267.12,2,5,5,8,1,5,62,6,,,,NA,2,1
364327855,7,1,1,1,1,316,2,1,33460,27,139,809.05,2,2,5,5,1,2,139,6,,,,NA,2,1
364327855,7,1,1,1,1,120,2,1,33460,27,25,1105.02,2,2,5,5,1,2,125,6,,,,NA,2,1
364327855,7,1,1,1,1,270,2,1,33460,27,25,1104.01,2,5,5,8,1,5,73,6,,,,NA,2,1
364327855,7,1,1,1,1,179,2,1,33460,27,53,106,2,5,5,8,2,5,80,6,,,,NA,2,1
364327855,7,1,1,1,1,175,2,1,33460,27,3,508.06,2,5,5,8,1,5,41,6,,,,NA,2,1
364327855,7,1,1,1,1,116,2,1,33460,27,25,1105.02,1,1,2,2,2,1,118,6,,,,NA,2,1
364327855,7,1,1,1,1,176,2,1,33460,27,123,404.02,2,5,5,8,2,5,146,6,,,,NA,2,1
364327855,7,1,1,1,1,226,2,1,33460,27,3,502.18,2,5,5,8,2,5,80,6,,,,NA,2,1
364327855,7,1,1,1,1,237,2,1,33460,27,3,502.27,2,2,5,5,1,2,123,6,,,,NA,2,1
364327855,7,1,1,1,1,216,2,1,33460,27,123,407.06,2,2,5,5,1,2,73,6,,,,NA,2,1
364327855,7,1,1,1,1,133,2,1,33460,27,25,1105.01,2,5,5,8,1,5,70,6,,,,NA,2,1
364327855,7,1,1,3,1,153,3,1,33460,27,25,1105.02,2,2,5,5,1,2,128,6,,,,NA,2,1
364327855,7,1,1,3,1,360,3,1,33460,27,163,707.01,2,2,5,5,1,2,182,6,,,,NA,2,1
364327855,7,1,1,1,1,144,2,1,33460,27,53,1012,2,5,5,8,2,5,56,6,,,,NA,2,1
364327855,7,1,1,1,1,158,2,1,33460,27,37,608.26,2,5,5,8,2,5,57,6,,,,NA,2,1
364327855,7,1,1,1,1,172,2,1,33460,27,53,257.02,2,5,6,8,2,5,60,6,,,,NA,2,1
364327855,7,4,1,1,1,104,2,1,33460,27,25,1102,2,2,5,5,2,1,46,7,,,,NA,2,1
364327855,7,1,1,1,1,328,2,1,33460,27,141,304.02,2,2,5,5,2,1,174,7,,,,NA,2,1
364327855,7,1,1,3,1,192,3,1,33460,27,123,405.02,2,2,5,5,2,1,74,1,,,,NA,2,1
364327855,7,1,1,1,1,200,2,1,33460,27,139,810,2,5,5,8,1,5,78,1,,,,NA,2,1
364327855,7,1,1,3,1,152,3,1,33460,27,139,803.02,2,5,5,8,2,5,120,3,,,,NA,2,1
364327855,7,1,1,1,1,99,2,1,33460,27,123,347.02,2,2,5,5,2,1,79,3,,,,NA,2,1
364327855,7,1,1,3,1,280,3,1,33460,27,139,802.02,2,2,2,2,1,2,67,3,,,,NA,2,1
364327855,7,1,1,1,1,260,2,1,33460,27,53,215.05,2,2,5,5,1,2,144,3,,,,NA,2,1
364327855,7,1,1,1,1,204,2,1,33460,27,53,276.02,2,2,5,5,2,1,85,3,,,,01.79,2,1
364327855,7,1,1,1,1,280,2,1,NA,27,67,7804,2,1,5,5,1,2,190,3,,,,NA,2,1
364327855,7,1,1,3,1,176,3,1,33460,27,141,301.01,2,2,5,5,2,1,130,3,,,,NA,2,1
364327855,7,1,1,1,1,361,2,1,33460,27,53,269.07,2,2,5,5,1,2,133,3,,,,NA,2,1
364327855,7,1,1,1,1,197,2,1,33460,27,53,110,2,5,5,8,2,5,53,3,,,,NA,2,1
364327855,7,1,1,1,1,148,2,1,33460,27,53,217,2,5,5,8,2,5,72,3,,,,NA,2,1
364327855,7,1,1,1,1,171,2,1,33460,27,53,1040,2,5,5,8,1,5,46,3,,,,NA,2,1
364327855,7,1,1,1,1,153,2,1,33460,27,123,305,2,2,2,2,2,1,43,3,,,,NA,2,1
364327855,7,1,1,3,1,100,3,1,33460,27,3,506.07,2,5,5,8,1,5,58,3,,,,NA,2,1
364327855,7,1,1,3,1,177,3,1,33460,27,53,1074,3,5,6,8,1,5,52,3,,,,NA,2,1
364327855,7,1,1,1,1,219,2,1,33460,27,59,1303.01,2,5,5,8,2,5,50,3,,,,NA,2,1
364327855,7,1,1,3,1,95,3,1,33460,27,123,401,2,5,5,8,2,5,124,3,,,,NA,2,1
364327855,7,1,1,3,1,126,3,1,33460,27,25,1102,2,2,5,5,2,1,136,3,,,,NA,2,1
364327855,7,1,1,1,1,282,2,1,33460,27,53,1065,2,5,5,8,2,5,117,3,,,,NA,2,1
364327855,7,1,1,1,1,104,2,1,33460,27,163,701.06,2,5,5,8,2,5,35,3,,,,NA,2,1
364327855,7,1,1,1,1,264,2,1,33460,27,123,342.02,2,5,5,8,2,5,110,3,,,,NA,2,1
364327855,7,1,1,3,1,174,3,1,33460,27,123,303,2,2,5,5,1,2,120,3,,,,NA,2,1
364327855,7,1,1,1,1,239,2,1,33460,27,53,269.08,2,2,5,2,1,2,127,3,,,,NA,2,1
364327855,7,1,1,1,1,267,2,1,33460,27,25,1101,2,5,5,8,2,5,83,3,,,,NA,2,1
364327855,7,1,1,1,1,189,2,1,NA,27,5,4505,2,2,5,5,1,2,69,3,,,,NA,2,1
364327855,7,1,1,1,1,213,2,1,33460,27,25,1103.02,2,5,5,8,1,5,77,3,,,,NA,2,1
364327855,7,1,1,1,1,173,2,1,33460,27,59,1305.02,2,5,5,8,1,5,41,3,,,,NA,2,1
364327855,7,1,1,1,1,178,2,1,33460,27,3,501.08,2,2,5,5,1,2,80,3,,,,NA,2,1
364327855,7,1,1,1,1,165,2,1,33460,27,53,203.04,2,2,6,6,1,2,74,3,,,,NA,2,1
364327855,7,2,1,1,1,157,2,1,33460,27,171,1001,2,5,5,8,1,5,73,7,,,,NA,2,1
364327855,7,1,1,1,1,102,2,1,33460,27,53,205,2,5,5,8,1,5,32,3,,,,NA,2,1
364327855,7,1,1,1,1,216,2,1,33460,27,163,710.03,2,2,5,2,2,1,70,3,,,,NA,2,1
364327855,7,3,1,1,1,275,2,1,33460,27,53,1076,2,2,5,5,1,2,113,7,,,,NA,2,1
364327855,7,2,1,1,1,277,2,1,33460,27,37,609.05,2,2,5,5,2,1,73,7,,,,NA,2,1
364327855,7,2,1,1,1,179,2,1,33460,27,139,803.01,2,5,5,8,2,5,49,7,,,,NA,2,1
364327855,7,3,1,1,1,173,2,1,33460,27,37,605.03,2,2,5,5,1,2,72,2,,,,NA,2,1
364327855,7,2,1,1,1,224,2,1,33460,27,53,276.02,2,5,3,8,1,5,42,2,,,,NA,2,1
364327855,7,2,1,3,1,139,3,1,33460,27,37,608.19,1,5,5,8,2,5,32,2,,,,NA,2,1
364327855,7,2,1,1,1,93,2,1,33460,27,123,401,2,5,5,8,2,5,31,2,,,,NA,2,1
364327855,7,2,1,1,1,168,2,1,33460,27,59,1303.01,2,2,5,5,1,2,60,2,,,,01.93,2,1
364327855,7,2,1,1,1,260,2,1,33460,27,25,1104.01,1,2,5,5,2,1,93,2,,,,01.86,2,1
364327855,7,2,1,1,1,98,2,1,33460,27,37,603.01,2,5,3,8,1,5,32,9,,,,NA,2,1
364327855,7,2,1,1,1,139,2,1,33460,27,53,267.11,2,5,5,8,2,5,38,9,,,,NA,2,1
364327855,7,1,1,1,1,12,2,1,33460,27,53,268.23,2,2,5,5,1,2,67,9,,,,NA,2,2
364327855,7,2,1,1,1,181,2,1,33460,27,59,1303.01,2,5,5,8,2,5,47,9,,,,NA,2,1
364327855,7,1,1,1,1,6,2,1,33460,27,37,603.01,2,5,3,8,1,5,32,9,,,,NA,2,2
364327855,7,2,1,1,1,283,2,1,33460,27,53,268.23,2,2,5,5,1,2,67,9,,,,NA,2,1
364327855,7,1,1,1,1,8,2,1,33460,27,3,511.03,2,5,3,8,2,5,35,9,,,,NA,2,2
364327855,7,2,1,1,1,5,2,1,33460,27,53,267.11,2,5,5,8,2,5,38,9,,,,NA,2,2
364327855,7,2,1,1,1,9,2,1,33460,27,37,608.12,2,5,5,8,2,5,61,9,,,,NA,2,2
364327855,7,2,1,1,1,250,2,1,33460,27,37,608.12,2,5,5,8,2,5,61,9,,,,NA,2,1
364327855,7,2,1,1,1,165,2,1,33460,27,3,511.03,2,5,3,8,2,5,35,9,,,,NA,2,1
364327855,7,1,1,1,1,8,2,1,33460,27,59,1303.01,2,5,5,8,2,5,47,9,,,,NA,2,2
364327855,7,2,1,1,1,7,2,1,33460,27,37,609.02,2,5,5,8,1,5,52,9,,,,NA,2,2
364327855,7,2,1,1,1,167,2,1,33460,27,37,609.02,2,5,5,8,1,5,52,9,,,,NA,2,1
364327855,7,2,1,3,1,153,3,1,33460,27,123,423.02,2,2,5,5,1,2,101,6,,,,NA,2,1
364327855,7,1,1,3,1,180,3,1,33460,27,53,1030,2,2,5,5,2,1,46,6,,,,NA,2,1
364327855,7,1,1,3,1,190,3,1,33460,27,3,506.09,2,5,6,8,3,5,59,6,,,,NA,2,1
364327855,7,1,1,1,1,410,2,1,33460,27,53,265.05,2,5,5,8,2,5,147,6,,,,NA,2,1
364327855,7,1,1,3,1,180,3,1,33460,27,139,807,2,2,5,6,2,1,73,6,,,,NA,2,1
364327855,7,1,1,3,1,193,3,1,33460,27,53,252.05,2,2,5,5,2,1,115,6,,,,NA,2,1
364327855,7,2,1,1,1,183,2,1,33460,27,3,509.02,2,5,5,8,1,5,47,6,,,,NA,2,1
364327855,7,1,1,1,1,376,2,1,33460,27,37,608.16,2,5,2,8,2,5,178,6,,,,NA,2,1
364327855,7,1,1,3,1,140,3,1,33460,27,123,312,2,5,5,8,2,5,41,6,,,,NA,2,1
364327855,7,2,1,1,1,258,2,1,33460,27,139,802.03,2,5,5,8,1,5,84,6,,,,NA,2,1
364327855,7,1,1,1,1,302,2,1,33460,27,25,1105.02,2,5,5,8,1,5,68,6,,,,NA,2,1
364327855,7,1,1,1,1,260,2,1,33460,27,139,807,2,2,3,3,1,2,82,6,,,,NA,2,1
364327855,7,2,1,1,1,189,2,1,33460,27,141,304.03,2,5,5,8,2,5,75,6,,,,NA,2,1
364327855,7,2,1,1,1,293,2,1,33460,27,3,501.08,2,2,5,5,1,2,90,6,,,,NA,2,1
364327855,7,1,1,1,1,260,2,1,33460,27,3,501.09,2,2,5,5,2,1,129,6,,,,NA,2,1
364327855,7,1,1,1,1,392,2,1,33460,27,53,259.03,2,2,5,5,1,2,160,6,,,,NA,2,1
364327855,7,1,1,3,1,249,3,1,33460,27,3,502.17,2,5,5,8,2,5,63,6,,,,NA,2,1
364327855,7,2,1,1,1,250,2,1,33460,27,163,701.05,2,2,5,5,1,2,87,6,,,,NA,2,1
364327855,7,1,1,1,1,280,2,1,33460,27,3,502.24,2,5,5,8,2,5,135,6,,,,NA,2,1
364327855,7,2,1,1,1,144,2,1,33460,27,171,1001,2,5,5,8,2,5,47,6,,,,NA,2,1
364327855,7,1,1,1,1,400,2,1,33460,27,53,1076,2,2,5,5,2,2,130,6,,,,NA,2,1
364327855,7,1,1,1,1,424,2,1,33460,27,53,229.02,1,5,5,8,2,5,163,6,,,,NA,2,1
364327855,7,1,1,3,1,192,3,1,33460,27,171,1008.02,2,2,5,5,2,1,124,6,,,,NA,2,1
364327855,7,2,1,1,1,218,2,1,33460,27,123,409.02,2,2,5,5,1,2,82,6,,,,NA,2,1
364327855,7,2,1,1,1,174,2,1,33460,27,19,912.01,2,5,5,8,1,5,42,6,,,,NA,2,1
364327855,7,2,1,1,1,203,2,1,33460,27,53,268.18,2,2,2,5,1,2,45,6,,,,NA,2,1
364327855,7,2,1,1,1,212,2,3,33460,27,53,268.12,2,5,2,8,1,5,66,0,3,,,NA,2,1
364327855,7,1,1,1,1,200,2,2,NA,27,49,805,2,2,5,5,2,1,52,0,,,,NA,2,1
364327855,7,1,1,3,1,210,3,3,33460,27,59,1303.01,2,5,5,8,2,5,40,0,3,,,NA,2,1
364327855,7,2,1,3,1,115,3,3,NA,27,125,102,2,5,5,8,2,5,53,0,3,6,,NA,2,1
364327855,7,1,1,3,1,203,3,3,33460,27,163,714,2,5,5,8,1,5,52,0,3,9,,NA,2,1
364327855,7,2,1,1,1,167,2,1,33460,27,123,347.01,2,5,2,8,2,5,33,2,,,,NA,2,1
364327855,7,1,1,1,1,284,2,1,33460,27,37,608.2,2,5,5,8,1,5,132,6,,,,NA,2,1
364327855,7,3,1,1,1,196,2,1,33460,27,37,608.17,2,5,5,8,2,5,55,2,,,,NA,2,1
364327855,7,1,1,1,1,6,2,1,33460,27,37,608.12,2,5,4,8,1,5,61,9,,,,NA,2,2
364327855,7,1,1,3,1,130,3,1,33460,27,53,203.03,2,2,5,5,1,2,54,6,,,,NA,2,1
364327855,7,1,1,3,1,185,3,1,33460,27,123,302.01,2,5,5,8,2,5,61,6,,,,NA,2,1
364327855,7,1,1,1,1,363,2,1,NA,27,35,9517,2,5,5,8,2,5,120,6,,,,NA,2,1
364327855,7,1,1,3,1,460,3,1,33460,27,37,614.02,2,2,5,5,1,2,139,6,,,,NA,2,1
364327855,7,1,1,3,1,324,3,1,33460,27,19,912.02,2,2,5,5,1,2,119,3,,,,NA,2,1
364327855,7,1,1,1,1,264,2,1,33460,27,37,607.35,2,2,5,2,1,2,117,6,,,,NA,2,1
364327855,7,1,1,1,1,296,2,1,33460,27,163,712.07,2,2,5,5,1,2,118,3,,,,NA,2,1
364327855,7,1,1,1,1,239,2,1,33460,27,123,367,2,2,5,5,1,2,113,6,,,,NA,2,1
364327855,7,1,1,1,1,424,2,1,33460,27,53,260.21,2,2,5,2,1,2,608,6,,,,NA,2,1
364327855,7,1,1,1,1,237,2,1,33460,27,25,1104.02,2,2,5,5,1,2,142,6,,,,NA,2,1
364327855,7,2,1,1,1,206,2,1,33460,27,59,1303.01,2,2,5,5,1,2,96,6,,,,NA,2,1
364327855,7,2,1,1,1,7,2,1,33460,27,139,813,2,2,3,3,1,2,50,9,,,,NA,2,2
364327855,7,2,1,1,1,319,2,1,33460,27,59,1306,2,2,5,5,1,2,82,6,,,,NA,2,1
364327855,7,2,1,1,1,238,2,1,33460,27,139,813,2,2,3,3,1,2,50,9,,,,NA,2,1
364327855,7,1,1,3,1,203,3,1,33460,27,123,410.01,2,2,5,5,2,1,85,3,,,,NA,2,1
364327855,7,1,1,1,1,332,2,1,33460,27,141,305.04,2,2,5,5,2,1,163,3,,,,NA,2,1
364327855,7,2,1,1,1,225,2,1,33460,27,53,261.04,2,2,5,5,2,1,105,2,,,,02.12,2,1
364327855,7,1,1,1,1,333,2,1,33460,27,53,260.05,2,2,5,5,1,1,105,6,,,,NA,2,1
364327855,7,1,1,3,1,131,3,1,33460,27,53,267.12,2,5,5,8,2,5,67,3,,,,NA,2,1
364327855,7,2,1,3,1,280,3,1,40340,27,109,14.02,2,5,5,8,2,5,119,2,,,,NA,2,1
364327855,7,1,1,1,1,340,2,1,33460,27,53,117.03,2,5,5,8,2,5,110,6,,,,NA,2,1
364327855,7,1,1,1,1,50,2,1,NA,27,1,7701,2,5,5,8,2,5,32,3,,,,NA,2,1
364327855,7,1,1,3,1,175,3,1,33460,27,141,305.02,2,5,5,8,1,5,84,6,,,,NA,2,1
364327855,7,1,1,3,1,134,3,1,33460,27,123,424.01,2,5,3,8,1,5,65,6,,,,NA,2,1
364327855,7,1,1,3,1,424,3,1,33460,27,53,1054,2,5,4,8,1,5,343,1,,,,NA,2,1
364327855,7,1,1,1,1,199,2,1,33460,27,37,607.09,2,5,5,8,1,5,67,6,,,,NA,2,1
364327855,7,1,1,1,1,318,2,1,33460,27,171,1001,2,5,5,8,1,5,100,6,,,,NA,2,1
364327855,7,1,1,1,1,169,2,1,33460,27,37,608.12,2,5,4,8,1,5,61,9,,,,NA,2,1
364327855,7,1,1,1,1,324,2,1,33460,27,53,218,2,5,5,8,1,5,67,6,,,,NA,2,1
364327855,7,1,1,1,1,380,2,1,33460,27,53,240.06,2,5,5,8,1,5,102,1,,,,NA,2,1
364327855,7,1,1,1,1,186,2,1,41060,27,145,115,2,5,5,8,1,5,48,3,,,,NA,2,1
364327855,7,1,1,1,1,150,2,1,33460,27,163,701.06,2,5,5,8,1,5,92,3,,,,NA,2,1
364327855,7,1,1,1,1,184,2,1,33460,27,163,710.12,2,5,3,8,1,5,48,9,,,,NA,2,1
364327855,7,1,1,1,1,8,2,1,33460,27,53,1.02,2,5,1,8,1,5,38,9,,,,NA,2,2
364327855,7,1,1,1,1,140,2,1,33460,27,53,1.02,2,5,1,8,1,5,38,9,,,,NA,2,1
364327855,7,1,1,1,1,8,2,1,33460,27,163,710.12,2,5,3,8,1,5,48,9,,,,NA,2,2
364327855,7,2,1,1,1,103,2,1,33460,27,25,1102,2,5,5,8,1,5,37,2,,,,01.78,2,1
364327855,7,1,1,3,1,281,3,1,33460,27,3,502.3,2,2,5,5,1,2,253,6,,,,NA,2,1
364327855,7,1,1,3,1,232,3,1,33460,27,123,425.03,2,2,5,5,1,2,77,6,,,,NA,2,1
364327855,7,2,1,1,1,235,2,3,33460,27,53,268.15,1,1,5,5,2,1,38,0,1,,,NA,2,1
364327855,7,1,1,1,1,141,2,3,33460,27,53,235.02,2,5,5,8,2,5,123,0,1,,,NA,2,1
364327855,7,1,1,1,1,147,2,3,33460,27,37,607.34,1,5,5,8,1,5,39,0,1,,,NA,2,1
364327855,7,1,1,3,1,410,3,3,33460,27,171,1001,2,5,5,8,1,5,81,0,3,,,NA,2,1
364327855,7,2,1,1,1,204,2,1,33460,27,123,412,2,2,5,5,2,2,63,2,,,,NA,2,1
364327855,7,2,1,1,1,225,2,1,33460,27,123,367,2,2,5,5,2,2,44,2,,,,01.61,2,1
364327855,7,1,1,3,1,272,3,1,33460,27,123,357,2,2,6,6,1,2,170,6,,,,NA,2,1
364327855,7,1,1,3,1,130,3,1,33460,27,53,268.14,2,2,5,5,1,2,73,1,,,,NA,2,1
364327855,7,1,1,3,1,400,3,1,33460,27,53,259.03,2,2,5,5,1,2,217,6,,,,NA,2,1
364327855,7,1,1,3,1,296,3,1,33460,27,25,1104.02,2,2,5,5,1,2,183,3,,,,NA,2,1
364327855,7,1,1,3,1,368,3,1,33460,27,3,508.18,2,2,5,5,1,2,163,3,,,,NA,2,1
364327855,7,1,1,1,1,223,2,1,33460,27,53,254.01,2,2,2,2,1,2,62,1,,,,NA,2,1
364327855,7,1,1,1,1,218,2,1,33460,27,25,1104.02,2,2,5,5,1,2,86,1,,,,NA,2,1
364327855,7,1,1,1,1,385,2,1,33460,27,53,1098,2,2,5,5,1,2,270,6,,,,NA,2,1
364327855,7,1,1,1,1,250,2,1,33460,27,3,501.08,2,2,5,5,1,2,156,6,,,,NA,2,1
364327855,7,1,1,1,1,508,2,1,33460,27,19,908,2,2,5,5,1,2,179,6,,,,NA,2,1
364327855,7,1,1,1,1,315,2,1,33460,27,53,267.1,2,2,5,5,1,2,119,6,,,,NA,2,1
364327855,7,2,1,1,1,215,2,1,33460,27,123,306.02,2,2,2,2,1,2,46,7,,,,01.98,2,1
364327855,7,1,1,1,1,196,2,1,33460,27,163,702.03,2,2,5,5,1,2,53,6,,,,NA,2,1
364327855,7,2,1,1,1,201,2,1,NA,27,93,5606,2,2,5,5,1,2,95,2,,,,NA,2,1
364327855,7,1,1,1,1,250,2,1,33460,27,123,358,2,2,5,2,1,2,268,6,,,,NA,2,1
364327855,7,2,1,1,1,204,2,1,33460,27,3,508.06,2,2,5,5,1,2,65,2,,,,01.66,2,1
364327855,7,1,1,1,1,258,2,1,33460,27,123,360,2,2,5,5,1,2,141,6,,,,NA,2,1
364327855,7,1,1,1,1,264,2,1,33460,27,53,268.2,1,1,5,5,2,1,90,6,,,,NA,2,1
364327855,7,1,1,1,1,256,2,1,33460,27,123,363,2,2,5,5,2,1,91,6,,,,NA,2,1
364327855,7,1,1,1,1,240,2,1,33460,27,53,96,2,2,5,5,2,1,77,1,,,,NA,2,1
364327855,7,1,1,1,1,395,2,1,33460,27,141,304.02,2,2,5,5,2,1,115,6,,,,NA,2,1
364327855,7,2,1,1,1,232,2,1,33460,27,3,507.11,2,2,5,5,2,1,78,6,,,,NA,2,1
364327855,7,1,1,3,1,111,3,1,33460,27,25,1103.02,2,5,5,8,2,5,54,3,,,,NA,2,1
364327855,7,1,1,3,1,112,3,1,33460,27,53,239.03,2,5,5,8,2,5,32,3,,,,NA,2,1
364327855,7,1,1,3,1,406,3,1,33460,27,163,704.06,2,5,5,8,2,5,86,3,,,,NA,2,1
364327855,7,2,1,3,1,121,3,1,33460,27,163,702.03,2,5,5,8,2,5,46,2,,,,NA,2,1
364327855,7,1,1,1,1,188,2,1,NA,27,67,7805,2,5,5,8,2,5,52,6,,,,NA,2,1
364327855,7,1,1,1,1,153,2,1,33460,27,123,317.02,2,5,5,8,2,5,62,1,,,,01.79,2,1
364327855,7,1,1,1,1,140,2,1,33460,27,139,803.02,2,5,2,8,2,5,39,3,,,,NA,2,1
364327855,7,1,1,1,1,129,2,1,33460,27,123,420.02,2,5,5,8,2,5,51,6,,,,NA,2,1
364327855,7,2,1,1,1,118,2,1,33460,27,123,425.04,2,5,5,8,2,5,40,2,,,,NA,2,1
364327855,7,2,1,1,1,79,2,1,NA,27,23,9506,2,5,5,8,2,5,44,6,,,,NA,2,1
364327855,7,1,1,1,1,8,2,1,33460,27,53,268.16,1,5,5,8,1,5,70,9,,,,NA,2,2
364327855,7,2,1,1,1,220,2,1,33460,27,53,268.16,1,5,5,8,1,5,70,9,,,,NA,2,1
364327855,7,1,1,3,1,111,3,1,33460,27,163,701.03,2,5,5,8,1,5,53,3,,,,NA,2,1
364327855,7,1,1,3,1,115,3,1,33460,27,3,505.04,2,5,5,8,1,5,44,6,,,,NA,2,1
364327855,7,1,1,3,1,139,3,1,33460,27,37,611.07,2,5,5,8,1,5,104,6,,,,NA,2,1
364327855,7,3,1,3,1,222,3,1,33460,27,25,1104.02,2,5,5,8,1,5,61,2,,,,NA,2,1
364327855,7,1,1,3,1,190,3,1,33460,27,37,607.41,2,5,5,8,1,5,100,3,,,,NA,2,1
364327855,7,3,1,3,1,209,3,1,33460,27,163,714,2,5,5,8,1,5,52,2,,,,NA,2,1
364327855,7,1,1,1,1,192,2,1,33460,27,37,607.45,2,5,2,8,1,5,35,6,,,,NA,2,1
364327855,7,1,1,1,1,287,2,1,33460,27,3,502.16,2,5,5,8,1,5,66,6,,,,NA,2,1
364327855,7,1,1,1,1,394,2,1,33460,27,3,501.15,2,5,5,8,1,5,92,6,,,,NA,2,1
364327855,7,1,1,1,1,189,2,1,33460,27,123,372,2,5,5,8,1,5,83,6,,,,NA,2,1
364327855,7,1,1,1,1,120,2,1,NA,27,151,9602,2,5,5,8,1,5,46,3,,,,NA,2,1
364327855,7,1,1,1,1,193,2,1,33460,27,53,214,2,5,5,8,1,5,65,3,,,,NA,2,1
364327855,7,1,1,1,1,196,2,1,33460,27,3,516,2,5,5,8,1,5,56,1,,,,NA,2,1
364327855,7,1,1,1,1,218,2,1,33460,27,3,505.05,2,5,5,8,1,5,49,3,,,,NA,2,1
364327855,7,1,1,1,1,204,2,1,33460,27,3,502.15,2,5,5,8,1,5,47,3,,,,NA,2,1
364327855,7,1,1,1,1,116,2,1,33460,27,163,707.03,2,5,5,8,1,5,86,3,,,,NA,2,1
364327855,7,1,1,1,1,239,2,1,33460,27,53,1104,2,5,5,8,1,5,135,3,,,,NA,2,1
364327855,7,1,1,1,1,255,2,1,33460,27,163,702.03,2,5,5,8,1,5,145,6,,,,NA,2,1
364327855,7,1,1,1,1,12,2,1,33460,27,59,1305.02,2,5,5,8,1,5,67,9,,,,NA,2,2
364327855,7,2,1,1,1,228,2,1,33460,27,123,321,2,5,5,8,1,5,61,2,,,,NA,2,1
364327855,7,2,1,1,1,204,2,1,33460,27,59,1305.02,2,5,5,8,1,5,66,9,,,,NA,2,1
364327855,7,1,1,3,1,326,3,1,33460,27,123,407.04,2,2,5,5,1,2,140,1,,,,NA,2,1
364327855,7,2,1,1,1,191,2,1,33460,27,53,267.14,2,2,5,5,2,1,92,2,,,,01.78,2,1
364327855,7,1,1,1,1,298,2,1,33460,27,143,1701.98,2,2,5,5,1,2,94,1,,,,NA,2,1
364327855,7,1,1,1,1,270,2,1,33460,27,53,1105,2,5,5,8,1,5,113,1,,,,NA,2,1
364327855,7,1,1,3,1,300,3,3,NA,27,61,4809,2,5,5,8,2,5,77,0,4,,,NA,2,1
364327855,7,1,1,3,1,185,3,3,NA,27,111,9608,2,5,5,8,1,5,16,0,3,,,NA,2,1
364327855,7,2,1,1,1,174,2,3,NA,27,113,904,2,5,5,8,1,5,99,0,2,,,NA,2,1
364327855,7,1,1,3,1,349,3,1,33460,27,141,302,2,2,5,5,1,2,116,3,,,,NA,2,1
364327855,7,1,1,3,1,500,3,1,33460,27,37,610.01,2,2,5,5,1,2,179,6,,,,NA,2,1
364327855,7,1,1,3,1,140,3,1,33460,27,53,106,2,2,5,5,1,2,214,6,,,,NA,2,1
364327855,7,1,1,3,1,266,3,1,33460,27,3,501.09,2,2,5,5,1,2,130,3,,,,NA,2,1
364327855,7,1,1,1,1,284,2,1,33460,27,123,375,2,2,5,5,1,2,134,6,,,,NA,2,1
364327855,7,1,1,1,1,132,2,1,NA,27,33,2704,2,2,5,5,1,2,79,3,,,,NA,2,1
364327855,7,1,1,1,1,383,2,1,33460,27,139,809.04,2,2,5,5,1,2,147,6,,,,NA,2,1
364327855,7,1,1,1,1,424,2,1,33460,27,53,1113,2,2,2,5,1,2,197,6,,,,NA,2,1
364327855,7,4,1,1,1,273,2,1,33460,27,19,902,2,2,5,5,1,2,103,6,,,,NA,2,1
364327855,7,2,1,1,1,161,2,1,33460,27,163,712.06,2,2,5,5,1,2,138,6,,,,NA,2,1
364327855,7,1,1,1,1,316,2,1,33460,27,53,265.09,3,3,6,6,3,3,114,3,,,,NA,2,1
364327855,7,2,1,1,1,176,2,1,33460,27,95,9703,3,3,6,6,3,3,102,2,,,,NA,2,1
364327855,7,1,1,1,1,226,2,1,33460,27,53,258.02,3,3,5,6,2,1,67,6,,,,NA,2,1
364327855,7,1,1,3,1,169,3,1,33460,27,123,416.02,3,3,6,6,2,1,123,1,,,,NA,2,1
364327855,7,1,1,3,1,176,3,1,33460,27,123,351,2,2,5,5,2,1,86,6,,,,NA,2,1
364327855,7,1,1,1,1,214,2,1,33460,27,53,1099,2,2,5,5,2,1,196,3,,,,NA,2,1
364327855,7,1,1,1,1,963,2,1,33460,27,19,906.02,2,2,5,5,2,1,437,6,,,,NA,2,1
364327855,7,1,1,1,1,424,2,1,33460,27,53,262.02,2,2,5,5,2,1,310,6,,,,NA,2,1
364327855,7,1,1,1,1,218,2,1,40340,27,109,17.02,2,2,2,5,1,1,95,6,,,,NA,2,1
364327855,7,1,1,3,1,146,3,1,33460,27,3,502.26,2,5,5,8,2,5,60,3,,,,NA,2,1
364327855,7,1,1,3,1,191,3,1,33460,27,53,84,2,5,5,8,2,5,93,3,,,,NA,2,1
364327855,7,1,1,1,1,175,2,1,33460,27,123,302.01,2,5,5,8,2,5,92,6,,,,NA,2,1
364327855,7,1,1,1,1,229,2,1,33460,27,37,607.31,2,5,5,8,2,5,78,1,,,,NA,2,1
364327855,7,1,1,1,1,185,2,1,33460,27,53,266.05,2,5,5,8,2,5,47,1,,,,NA,2,1
364327855,7,1,1,1,1,8,2,1,NA,27,85,9501,2,5,5,8,2,5,46,9,,,,NA,2,2
364327855,7,1,1,1,1,8,2,1,33460,27,3,507.12,2,5,5,8,2,5,25,9,,,,NA,2,2
364327855,7,1,1,1,1,116,2,1,33460,27,3,507.12,2,5,5,8,2,5,25,9,,,,NA,2,1
364327855,7,1,1,1,1,230,2,1,33460,27,3,502.22,2,5,5,8,2,5,48,6,,,,NA,2,1
364327855,7,2,1,1,1,147,2,1,NA,27,85,9501,2,5,5,8,2,5,46,9,,,,NA,2,1
364327855,7,1,1,3,1,130,3,1,33460,27,123,318.02,3,5,5,8,1,5,95,3,,,,NA,2,1
364327855,7,1,1,3,1,424,3,1,33460,27,53,265.12,2,5,5,8,1,5,231,3,,,,NA,2,1
364327855,7,1,1,3,1,70,3,1,20260,27,137,121,2,5,5,8,1,5,80,3,,,,NA,2,1
364327855,7,1,1,3,1,196,3,1,33460,27,3,508.05,2,5,5,8,1,5,107,1,,,,NA,2,1
364327855,7,1,1,1,1,110,2,1,NA,27,65,4803,2,5,5,8,1,5,37,3,,,,NA,2,1
364327855,7,1,1,1,1,200,2,1,33460,27,53,27,2,5,5,8,1,5,60,3,,,,NA,2,1
364327855,7,1,1,1,1,221,2,1,33460,27,53,247,2,5,5,8,1,5,80,3,,,,NA,2,1
364327855,7,2,1,1,1,250,2,1,33460,27,53,267.1,2,5,5,8,1,5,52,2,,,,01.63,2,1
364327855,7,1,1,1,1,135,2,2,33460,27,37,607.16,1,1,5,5,1,2,56,0,,,,NA,2,1
364327855,7,1,1,3,1,328,3,1,33460,27,53,258.02,2,1,5,5,1,2,145,1,,,,NA,2,1
364327855,7,2,1,3,1,259,3,1,33460,27,123,413.02,2,1,5,5,1,2,165,7,,,,NA,2,1
364327855,7,1,1,3,1,96,3,2,33460,27,123,305,3,3,6,6,1,2,126,0,,,,NA,2,1
364327855,7,1,1,3,1,62,3,1,33460,27,59,1302,2,2,5,5,1,2,41,3,,,,NA,2,1
364327855,7,1,1,3,1,210,3,1,33460,27,3,513.02,2,2,2,2,1,2,101,3,,,,NA,2,1
364327855,7,1,1,3,1,112,3,1,NA,27,115,9506,2,2,4,5,1,2,59,6,,,,NA,2,1
364327855,7,1,1,3,1,217,3,1,33460,27,37,605.03,2,2,5,5,1,2,101,3,,,,NA,2,1
364327855,7,1,1,3,1,102,3,1,22020,27,27,301.02,2,2,5,5,1,2,93,3,,,,NA,2,1
364327855,7,1,1,1,1,265,2,1,33460,27,163,701.06,2,2,5,5,1,2,125,6,,,,NA,2,1
364327855,7,1,1,1,1,424,2,1,33460,27,53,268.12,2,2,5,5,1,2,366,6,,,,NA,2,1
364327855,7,1,1,1,1,269,2,1,33460,27,25,1104.01,2,2,5,5,1,2,108,6,,,,NA,2,1
364327855,7,1,1,1,1,262,2,1,33460,27,37,607.14,2,2,5,5,1,2,260,6,,,,NA,2,1
364327855,7,1,1,1,1,140,2,1,33460,27,139,811,2,2,5,5,1,2,133,1,,,,NA,2,1
364327855,7,1,1,1,1,214,2,1,33460,27,25,1101,2,2,5,5,1,2,83,6,,,,NA,2,1
364327855,7,1,1,1,1,208,2,1,33460,27,139,802.04,2,2,5,5,1,2,71,6,,,,NA,2,1
364327855,7,2,1,1,1,247,2,1,33460,27,139,802.05,2,2,5,5,1,2,99,7,,,,NA,2,1
364327855,7,2,1,1,1,290,2,1,33460,27,25,1104.01,2,2,5,5,1,2,70,6,,,,NA,2,1
364327855,7,2,1,1,1,224,2,1,33460,27,3,502.08,2,2,5,5,1,2,56,6,,,,NA,2,1
364327855,7,2,1,1,1,304,2,1,33460,27,37,610.07,2,2,5,5,1,2,99,6,,,,NA,2,1
364327855,7,1,1,3,1,170,3,1,33460,27,53,269.09,3,3,5,5,3,3,83,3,,,,NA,2,1
364327855,7,1,1,1,1,229,2,1,33460,27,79,9501,2,2,3,3,2,1,83,1,,,,NA,2,1
364327855,7,1,1,1,1,336,2,1,33460,27,53,267.15,2,2,5,5,2,1,216,6,,,,NA,2,1
364327855,7,1,1,3,1,228,3,1,33460,27,53,260.05,2,5,5,8,2,5,43,1,,,,NA,2,1
364327855,7,1,1,3,1,250,3,1,33460,27,37,607.3,2,5,5,8,2,5,131,6,,,,NA,2,1
364327855,7,1,1,3,1,125,3,1,33460,27,123,421.02,2,5,5,8,2,5,232,6,,,,NA,2,1
364327855,7,1,1,3,1,677,3,1,33460,27,53,1098,2,5,5,8,2,5,300,6,,,,NA,2,1
364327855,7,1,1,3,1,92,3,1,33460,27,139,806,2,5,5,8,2,5,50,3,,,,NA,2,1
364327855,7,1,1,1,1,207,2,1,33460,27,3,506.02,2,5,5,8,2,5,52,6,,,,NA,2,1
364327855,7,1,1,1,1,374,2,1,33460,27,163,701.06,2,5,5,8,2,5,106,6,,,,NA,2,1
364327855,7,1,1,1,1,208,2,1,33460,27,163,706.01,2,5,5,8,2,5,100,3,,,,NA,2,1
364327855,7,1,1,1,1,8,2,1,33460,27,163,702.03,2,5,5,8,2,5,37,9,,,,NA,2,2
364327855,7,1,1,1,1,8,2,1,33460,27,79,9502,2,5,5,8,2,5,34,9,,,,NA,2,2
364327855,7,1,1,1,1,150,2,1,33460,27,163,702.03,2,5,5,8,2,5,37,9,,,,NA,2,1
364327855,7,1,1,1,1,558,2,1,33460,27,53,235.02,2,5,5,8,2,5,212,6,,,,02.66,2,1
364327855,7,1,1,1,1,424,2,1,33460,27,53,266.12,2,5,2,8,2,5,105,6,,,,NA,2,1
364327855,7,1,1,1,1,114,2,1,33460,27,79,9502,2,5,5,8,2,5,34,9,,,,NA,2,1
364327855,7,1,1,1,1,420,2,1,33460,27,123,421.02,2,5,5,8,2,5,129,6,,,,NA,2,1
364327855,7,4,1,1,1,289,2,1,33460,27,19,901,2,5,5,8,2,5,69,7,,,,NA,2,1
364327855,7,2,1,1,1,124,2,1,33460,27,123,406.03,2,5,3,8,2,5,36,2,,,,NA,2,1
364327855,7,2,1,1,1,127,2,1,NA,27,85,9503,2,5,5,8,2,5,62,2,,,,02.02,2,1
364327855,7,2,1,1,1,158,2,1,33460,27,163,701.06,2,5,5,8,2,5,53,6,,,,NA,2,1
364327855,7,1,1,1,1,312,2,1,33460,27,37,610.09,3,5,6,8,1,5,118,6,,,,NA,2,1
364327855,7,2,1,3,1,210,3,1,33460,27,163,701.03,2,5,5,8,1,5,70,6,,,,NA,2,1
364327855,7,1,1,3,1,163,3,1,33460,27,53,253.01,2,5,5,8,1,5,93,6,,,,NA,2,1
364327855,7,1,1,3,1,324,3,1,33460,27,3,516,2,5,5,8,1,5,76,6,,,,NA,2,1
364327855,7,1,1,3,1,644,3,1,33460,27,53,272.03,2,5,5,8,1,5,249,6,,,,NA,2,1
364327855,7,1,1,1,1,105,2,1,33460,27,37,611.08,2,5,5,8,1,5,46,3,,,,NA,2,1
364327855,7,1,1,1,1,287,2,1,33460,27,163,707.04,2,5,5,8,1,5,84,3,,,,NA,2,1
364327855,7,1,1,1,1,161,2,1,33460,27,163,709.06,2,5,5,8,1,5,53,3,,,,NA,2,1
364327855,7,1,1,1,1,8,2,1,33460,27,25,1102,2,5,5,8,1,5,34,9,,,,NA,2,2
364327855,7,2,1,1,1,133,2,1,NA,27,115,9505,2,5,5,8,1,5,29,7,,,,01.94,2,1
364327855,7,2,1,1,1,9,2,1,33460,27,123,410.02,2,5,5,8,1,5,37,9,,,,NA,2,2
364327855,7,2,1,1,1,183,2,1,33460,27,163,702.04,2,5,5,8,1,5,78,7,,,,01.50,2,1
364327855,7,2,1,1,1,170,2,1,33460,27,123,410.02,2,5,5,8,1,5,37,9,,,,NA,2,1
364327855,7,2,1,1,1,125,2,1,33460,27,25,1102,2,5,5,8,1,5,34,9,,,,NA,2,1
364327855,7,1,1,1,1,240,2,1,33460,27,139,803.02,2,2,5,5,1,2,177,6,,,,NA,2,1
364327855,7,1,1,1,1,235,2,1,33460,27,53,212,2,2,5,5,2,1,60,6,,,,NA,2,1
364327855,7,1,1,3,1,300,3,3,33460,27,123,417,2,2,5,5,1,2,231,0,6,5,,NA,2,1
364327855,7,1,1,3,1,271,3,3,33460,27,53,265.12,2,5,5,8,1,5,75,0,9,,,NA,2,1
364327855,7,1,1,3,1,255,3,1,33460,27,123,401,1,2,5,5,2,1,144,6,,,,NA,2,1
364327855,7,1,1,1,1,285,2,1,33460,27,123,301,2,2,5,2,2,1,91,6,,,,NA,2,1
364327855,7,1,1,1,1,276,2,1,33460,27,53,221.02,2,5,5,8,2,5,85,6,,,,NA,2,1
364327855,7,1,1,1,1,121,2,1,33460,27,143,1704,2,5,5,8,2,5,43,6,,,,NA,2,1
364327855,7,1,1,1,1,311,2,1,33460,27,141,305.04,2,5,5,8,1,5,106,6,,,,NA,2,1
364327855,7,2,1,1,1,338,2,1,33460,27,53,229.02,2,5,5,8,1,5,790,6,,,,NA,2,1
364327855,7,2,1,3,1,322,3,1,33460,27,139,809.06,2,2,5,5,1,2,113,7,,,,NA,2,1
364327855,7,1,1,1,1,337,2,1,33460,27,37,608.16,2,2,5,5,1,2,122,1,,,,NA,2,1
364327855,7,1,1,1,1,422,2,1,33460,27,53,259.03,2,2,5,5,2,1,239,1,,,,NA,2,1
364327855,7,1,1,3,1,176,3,1,33460,27,123,367,2,5,1,8,1,5,112,1,,,,NA,2,1
364327855,7,1,1,3,1,277,3,1,33460,27,163,705.01,2,2,5,5,1,2,57,3,,,,NA,2,1
364327855,7,1,1,3,1,96,3,1,33460,27,123,305,2,2,6,6,1,2,113,3,,,,NA,2,1
364327855,7,1,1,1,1,284,2,1,33460,27,3,508.1,2,2,5,5,1,2,153,3,,,,NA,2,1
364327855,7,1,1,3,1,179,3,1,33460,27,37,609.05,2,2,5,5,2,1,123,3,,,,NA,2,1
364327855,7,1,1,3,1,276,3,1,33460,27,53,1115,2,5,5,8,2,5,250,3,,,,NA,2,1
364327855,7,1,1,1,1,239,1,1,33460,27,37,607.1,2,5,5,8,2,5,67,3,,,,NA,2,1
364327855,7,1,1,3,1,150,3,1,33460,27,163,704.04,3,5,6,8,3,5,67,3,,,,NA,2,1
364327855,7,1,1,3,1,100,3,1,40340,27,157,4904,2,5,5,8,1,5,43,3,,,,NA,2,1
364327855,7,1,1,1,1,205,2,1,33460,27,37,601.02,2,5,5,8,2,5,53,3,,,,NA,2,1
364327855,7,2,1,1,1,190,2,1,33460,27,3,513.05,2,5,5,8,1,5,75,2,,,,02.16,2,1
364327855,7,2,1,1,1,197,2,1,33460,27,3,502.25,2,5,5,8,1,5,50,2,,,,01.67,2,1
364327855,7,3,1,1,1,328,2,1,33460,27,163,701.05,2,5,5,8,1,5,75,2,,,,NA,2,1
364327855,7,2,1,1,1,212,2,1,33460,27,37,608.26,2,2,5,5,1,2,192,7,,,,NA,2,1
364327855,7,1,1,3,1,177,3,1,33460,27,37,607.45,2,2,5,5,2,1,137,6,,,,NA,2,1
364327855,7,1,1,1,1,169,2,1,33460,27,171,1008.02,2,2,5,5,1,2,100,6,,,,NA,2,1
364327855,7,3,1,1,1,189,2,1,33460,27,171,1011,2,5,5,8,1,5,54,6,,,,NA,2,1
364327855,7,1,1,1,1,161,2,1,33460,27,123,421.02,2,2,5,5,1,2,45,6,,,,NA,2,1
364327855,7,1,1,1,1,378,2,1,33460,27,25,1104.01,2,2,5,5,1,2,94,6,,,,NA,2,1
364327855,7,1,1,1,1,300,2,1,33460,27,53,274,2,2,5,5,1,2,191,6,,,,NA,2,1
364327855,7,1,1,1,1,242,2,1,33460,27,3,508.13,2,2,5,5,1,2,86,6,,,,NA,2,1
364327855,7,1,1,3,1,198,3,1,33460,27,123,302.01,2,5,5,8,2,5,75,6,,,,NA,2,1
364327855,7,1,1,3,1,198,3,1,33460,27,123,412,2,5,5,8,1,5,39,6,,,,NA,2,1
364327855,7,1,1,3,1,164,3,1,33460,27,123,424.02,2,5,5,8,1,5,60,6,,,,NA,2,1
364327855,7,1,1,1,1,333,2,1,33460,27,123,421.02,2,5,5,8,1,5,65,6,,,,NA,2,1
364327855,7,2,1,3,1,255,3,1,33460,27,19,911,2,2,5,5,1,2,114,7,,,,01.56,2,1
364327855,7,1,1,1,1,242,2,1,33460,27,3,508.06,2,2,5,5,1,2,91,1,,,,NA,2,1
364327855,7,1,1,3,1,254,3,1,33460,27,59,1305.01,2,5,5,8,1,5,325,1,,,,NA,2,1
364327855,7,1,1,3,1,350,3,1,33460,27,19,909,3,3,6,6,1,2,196,3,,,,NA,2,1
364327855,7,1,1,1,1,292,2,1,33460,27,123,349,2,2,5,5,2,1,106,3,,,,NA,2,1
364327855,7,1,1,3,1,122,3,1,33460,27,163,702.03,2,5,5,8,2,5,61,3,,,,NA,2,1
364327855,7,1,1,1,1,64,2,1,NA,27,23,9506,2,5,5,8,1,5,35,3,,,,NA,2,1
364327855,7,1,1,1,1,157,2,1,33460,27,123,314,2,5,2,8,1,5,32,3,,,,NA,2,1
364327855,7,1,1,1,1,114,2,1,33460,27,123,405.02,2,5,5,8,1,5,57,3,,,,NA,2,1
364327855,7,1,1,1,1,155,2,1,33460,27,25,1103.01,2,5,5,8,1,5,31,3,,,,NA,2,1
364327855,7,3,1,1,1,331,2,1,33460,27,3,516,2,2,5,5,1,2,92,2,,,,NA,2,1
364327855,7,3,1,3,1,126,3,1,33460,27,53,270.02,2,2,5,5,1,2,52,2,,,,NA,2,1
364327855,7,3,1,3,1,200,3,1,33460,27,53,215.01,2,2,5,5,1,2,52,2,,,,NA,2,1
364327855,7,3,1,1,1,225,2,1,33460,27,163,712.08,2,2,5,5,1,2,110,2,,,,NA,2,1
364327855,7,2,1,3,1,171,3,1,33460,27,25,1104.02,2,2,5,5,1,2,102,2,,,,NA,2,1
364327855,7,1,1,1,1,534,2,1,33460,27,123,406.01,2,2,5,5,1,2,242,6,,,,NA,2,1
364327855,7,2,1,1,1,338,2,1,33460,27,123,424.01,2,2,5,5,2,2,102,7,,,,NA,2,1
364327855,7,2,1,1,1,483,2,1,31860,27,13,1705,3,5,6,8,3,5,224,6,,,,NA,2,1
364327855,7,2,1,1,1,234,2,1,33460,27,37,607.16,2,2,2,2,1,2,72,6,,,,NA,2,1
364327855,7,1,1,3,1,151,3,1,33460,27,59,1301,2,5,5,8,2,5,103,6,,,,NA,2,1
364327855,7,1,1,3,1,240,3,1,33460,27,25,1106,2,5,5,8,2,5,77,6,,,,NA,2,1
364327855,7,1,1,1,1,1008,2,1,33460,27,53,1055,3,5,6,8,1,5,246,6,,,,NA,2,1
364327855,7,1,1,1,1,446,2,1,33460,27,3,508.19,2,5,5,8,1,5,112,6,,,,NA,2,1
364327855,7,2,1,1,1,145,2,3,33460,27,123,318.02,2,5,3,8,2,5,34,0,1,2,9,NA,2,1
364327855,7,2,1,1,1,132,2,3,33460,27,37,605.03,2,5,5,8,2,5,77,0,4,,,NA,2,1
364327855,7,1,1,1,1,665,2,1,33460,27,53,276.02,2,5,5,8,1,5,133,6,,,,NA,2,1
364327855,7,1,1,1,1,8,2,1,33460,27,3,508.18,2,5,3,8,2,5,49,9,,,,NA,2,2
364327855,7,1,1,1,1,8,2,1,33460,27,3,511.03,2,2,5,5,1,2,134,9,,,,NA,2,2
364327855,7,1,1,1,1,1610,2,1,33460,27,53,236,2,5,5,8,1,5,350,6,,,,NA,2,1
364327855,7,1,1,3,1,683,3,1,33460,27,53,1098,2,5,5,8,2,5,265,6,,,,NA,2,1
364327855,7,1,1,1,1,8,2,1,NA,27,115,9508,2,2,5,5,1,1,62,9,,,,NA,2,2
364327855,7,1,1,3,1,484,3,1,33460,27,53,1065,2,2,5,5,2,1,211,6,,,,NA,2,1
364327855,7,1,1,1,1,200,2,1,33460,27,53,264.04,2,2,5,2,1,2,73,6,,,,NA,2,1
364327855,7,1,1,1,1,1398,2,1,33460,27,53,238.01,2,2,2,2,1,2,377,6,,,,NA,2,1
364327855,7,2,1,1,1,8,2,1,33460,27,37,607.14,2,2,3,3,1,2,38,9,,,,NA,2,2
364327855,7,1,1,1,1,8,2,1,33460,27,53,260.14,2,5,2,8,2,5,30,9,,,,NA,2,2
364327855,7,1,1,1,1,329,2,1,33460,27,3,501.15,2,2,2,2,1,2,107,6,,,,NA,2,1
364327855,7,1,1,1,1,546,2,1,33460,27,53,263.01,2,2,5,5,1,2,222,6,,,,NA,2,1
364327855,7,1,1,1,1,460,2,1,33460,27,3,502.18,2,2,5,5,1,2,143,6,,,,NA,2,1
364327855,7,1,1,1,1,486,2,1,33460,27,163,702.04,2,2,5,5,1,2,144,6,,,,NA,2,1
364327855,7,1,1,1,1,7,2,1,33460,27,3,504.02,2,2,5,5,1,1,52,9,,,,NA,2,2
364327855,7,1,1,1,1,8,2,1,33460,27,53,1.02,2,5,2,8,2,5,27,9,,,,NA,2,2
364327855,7,1,1,3,1,88,3,1,33460,27,53,1031,2,2,5,5,1,2,28,1,,,,NA,2,1
364327855,7,1,1,3,1,102,3,1,41060,27,145,113.02,2,5,5,8,2,5,32,6,,,,NA,2,1
